review_id,column,old_value,new_value,review_text
5,sentiment_label,negative,positive,"đen vải thoáng mát, đường may chắc chắn. đã mua ủng hộ 2 lần, shop làm ăn uy tín, giao thiếu là giao bổ sung liền"
5,issue_label,material_comfort,wrong_missing_item,"đen vải thoáng mát, đường may chắc chắn. đã mua ủng hộ 2 lần, shop làm ăn uy tín, giao thiếu là giao bổ sung liền"
5,secondary_issue,wrong_missing_item,material_comfort,"đen vải thoáng mát, đường may chắc chắn. đã mua ủng hộ 2 lần, shop làm ăn uy tín, giao thiếu là giao bổ sung liền"
25,sentiment_label,neutral,positive,"vải gió đen, xanh than đúng theo hình ảnh mới mua lần đầu nhưng sản pham củng khá chat luong"
113,sentiment_label,neutral,positive,"đúng kích thước,đủ số lượng tặng kèm khăn tay trắng. giặt phơi sạch sẽ nha. khăn cotton thấm hút. có nhu cầu sẽ quay lại mua của shop. 1 k"
177,sentiment_label,negative,positive,"nhanh cotton mềm mfu sắc đẹp chất liệu vải êm mềm ,lúc lau mặt không bị rát khó chịu vải dày dặn mình rất thikhông , được gói trong bọc rất tiện lợi khi mag đi hay tặng cho người khác"
203,sentiment_label,neutral,positive,tôi thấy hiệu suất xử lý mọi tác vụ rất mượt mà chụp ảnh và quay video đều sắc nét và rõ chi tiết màn hình độ phân giải cao giúp xem phim chụp hình đều rõ
218,sentiment_label,neutral,positive,"hieeju suaats iphone 17 pro max thif khoir phair banf camr thaasy tuyeejt vowif vowis camera màn hình 120hz nest ddejp ngon lanfh săn được giá tạm, không rớt giá xíu nào luôn é"
246,sentiment_label,neutral,negative,"mua hàng 4/4 và đợi đúng 5-6 ngày mới nhận được, lâu quá. mà trên app hẹn giao hàng ngày 7-4 mà không thấy đâu"
255,sentiment_label,neutral,positive,iphone giá mua qua sàn hợp lý chụp ảnh quay video sắc nét độ phân giải tốc độ xử lí cao
266,sentiment_label,neutral,negative,hàng bản mỹ chứ không phải vn/a. không giới thiệu hay mô tả rõ ràng khiến người mua nhầm lẫn vietell store chỉ bán 100% bản iphone việt nam
270,sentiment_label,negative,positive,hình ảnh chỉ mang tính chất nhận su shop đóng gói nhanh nhưng shipper giao hơi chậm cho shop 5 sao
271,sentiment_label,neutral,positive,"trộm vía lần đầu điện thoại qua sàn, mặc dù đặt khá muộn cận tết nhưng vẫn nhận được hàng sớm, shipper cẩn thận chu đáo"
277,sentiment_label,neutral,positive,"máy mình đã sử dụng được gần 2 tuần, trước mắt không gặp vấn đề gì, dùng mượt mà"
280,sentiment_label,neutral,positive,mua của viettel store nên thấy cũng yên tâm có hoá đơn giao hàng cũng nhanh
284,sentiment_label,negative,positive,"e săn ngày 10/12 giá là 36.290không được hoàn 200không xu nữa, mọi người tham khảo giá để mua nhe"
285,sentiment_label,negative,neutral,hàng không bị lỗi. quay video lại giao hàng để checkhông trước cẩn thận. không biết pin ntn có tuột nhanh không
286,sentiment_label,neutral,positive,"đã mua lần 2 tại shop, mọi việc diễn biến khá suôn sẻ, shop đóng hàng, niêm phong rất có tâm"
289,sentiment_label,neutral,positive,"sản phẩm chính hãng , đã mua và ủng hộ shop nhiều ạ , cảm ơn shop"
297,sentiment_label,positive,negative,chỉ nên mua tại store thôi quay clip không kikp nhìn thấy . đến lúc tắt rồi thì ra tận 3 vết quanh máy
297,issue_label,device_performance,damaged_defective,chỉ nên mua tại store thôi quay clip không kikp nhìn thấy . đến lúc tắt rồi thì ra tận 3 vết quanh máy
302,sentiment_label,positive,negative,phù hợp với giá tiền nghe giá hợp với sản phẩm tuy vậy dây sạc thì để cong thời gian quá lâu hay sao ấy. khi mở dây ra dù đã cố để cho thẳng rồi sau đó mới sạc nhưng dây sạc không vào điện với hộp sạc bởi vậy tui phải lấy dây của tui để thay vào dây sạc có sẵn trong hộp 1 t
302,issue_label,audio_quality,battery_charging,phù hợp với giá tiền nghe giá hợp với sản phẩm tuy vậy dây sạc thì để cong thời gian quá lâu hay sao ấy. khi mở dây ra dù đã cố để cho thẳng rồi sau đó mới sạc nhưng dây sạc không vào điện với hộp sạc bởi vậy tui phải lấy dây của tui để thay vào dây sạc có sẵn trong hộp 1 t
305,sentiment_label,positive,negative,"ổn chống ồn, thiết kế lạ, pin tốt mới đầu xài ngon nha, vừa chống ồn vừa pin lâu mà âm thanh ngon nữa. nhm xài được 1 tháng đang thấy có vấn đề là hơi dựt dựt với hay tự tít tắt nhạc không hỉu sao. nch tiền nào của nấy hui"
305,issue_label,audio_quality,connectivity_bluetooth,"ổn chống ồn, thiết kế lạ, pin tốt mới đầu xài ngon nha, vừa chống ồn vừa pin lâu mà âm thanh ngon nữa. nhm xài được 1 tháng đang thấy có vấn đề là hơi dựt dựt với hay tự tít tắt nhạc không hỉu sao. nch tiền nào của nấy hui"
306,sentiment_label,positive,negative,"đóng gói cẩn thận đẹp trung bình điểm đáng khen đó em này là đóng gói hộp khá là dày dặn, đẹp, có hướng, dẫn nhãn dán. mình đọc đánh giá thì thấy có một số bạn là bảo âm thanh nhỏ thì mình hoàn toàn thấy là nó không có nhỏ nha, chạy xe máy bật max âm thanh là không nghe tiếng động cơ xe luôn ấy chứ nhỏ gì. mình thấy khi nhấn vào mặt tai nghe thì nó có chức năng dừng phát, chuyển tiếp video thì mình thấy khá là thông minh chỉ sử dụng bên youtube . mình thấy khuyết điểm của em này đó là mình đã sạc pin từ sáng cho đến trưa nhưng khi mình nghe tầm được 30 phút hay là một tiếng thì bên tai nghe bên trái nó kêu tút tút rồi ngắt kết nối. mình và ứng dụng coi thì thấy tai nghe bên trái còn 16% lúc nào cx dưới 20% , mặc dù mình sạc khá lâu. trên app thì mình thấy nó báo pin bị sai lúc thì 96% để lại vào hợp rồi lấy ra lại thì lại còn 67%, không bt khi nào hết pin khi nào đầy luôn. không chỉ là pin bị sai mà mình nghe khoảng một lúc thì tự nhiên nó lại tự động bị ngắt kết nối mặc dù còn 60-70 mấy % luôn mình không hiểu là bị gì nữa. với giá 289không thì mình nghĩ bỏ thêm vài chục mua loại khác sẽ tốt hơn"
306,issue_label,audio_quality,battery_charging,"đóng gói cẩn thận đẹp trung bình điểm đáng khen đó em này là đóng gói hộp khá là dày dặn, đẹp, có hướng, dẫn nhãn dán. mình đọc đánh giá thì thấy có một số bạn là bảo âm thanh nhỏ thì mình hoàn toàn thấy là nó không có nhỏ nha, chạy xe máy bật max âm thanh là không nghe tiếng động cơ xe luôn ấy chứ nhỏ gì. mình thấy khi nhấn vào mặt tai nghe thì nó có chức năng dừng phát, chuyển tiếp video thì mình thấy khá là thông minh chỉ sử dụng bên youtube . mình thấy khuyết điểm của em này đó là mình đã sạc pin từ sáng cho đến trưa nhưng khi mình nghe tầm được 30 phút hay là một tiếng thì bên tai nghe bên trái nó kêu tút tút rồi ngắt kết nối. mình và ứng dụng coi thì thấy tai nghe bên trái còn 16% lúc nào cx dưới 20% , mặc dù mình sạc khá lâu. trên app thì mình thấy nó báo pin bị sai lúc thì 96% để lại vào hợp rồi lấy ra lại thì lại còn 67%, không bt khi nào hết pin khi nào đầy luôn. không chỉ là pin bị sai mà mình nghe khoảng một lúc thì tự nhiên nó lại tự động bị ngắt kết nối mặc dù còn 60-70 mấy % luôn mình không hiểu là bị gì nữa. với giá 289không thì mình nghĩ bỏ thêm vài chục mua loại khác sẽ tốt hơn"
307,sentiment_label,positive,negative,"sản phẩm okie, màu dễ cưng, bao bì sang xịn. nhưng mà đeo lâu hơi đau tai. với cái vụ hiển thị pin cũng kỳ kỳ giống như các bạn khác đánh giá. update xài chưa được 1 tháng, chưa tới 5 lần mà hư lun cái tai nghe bên trái. pin thì sạc cỡ nào vẫn hiện đỏ."
307,issue_label,audio_quality,damaged_defective,"sản phẩm okie, màu dễ cưng, bao bì sang xịn. nhưng mà đeo lâu hơi đau tai. với cái vụ hiển thị pin cũng kỳ kỳ giống như các bạn khác đánh giá. update xài chưa được 1 tháng, chưa tới 5 lần mà hư lun cái tai nghe bên trái. pin thì sạc cỡ nào vẫn hiện đỏ."
308,sentiment_label,positive,negative,chất lương thì okhông nhưng giao hàng cực lâu.... hơn 2 tháng .... định không nhận hàng nữa rồi cơ. 2 t t
310,sentiment_label,positive,negative,"kết nối chập chờn, kết nối từ đt chỉ tìm thấy 1 bên tai. không kết nối được tai còn lại. ngoại hình đẹp. hộp sạc hít nam châm không lo rơi tai nghe. pin lên xuống thất thường. nhận hàng được 1 tuần nhưng chưa khi nào kết nối được cả 2 tai nên không biết pin tối đa bao lâu"
312,sentiment_label,positive,negative,"chất lượng tương xứng với giá tiền. mình nghe thấy âm lượng nhỏ, nghe 15-20 là thấy hơi đau tai. mới mua thì 1 bên không sử dụng được rồi. độ nhạy cũng không tốt lắm, vẫn nên mua 1 cái khác đắt 1 tí mà chất lượng hơn, như thế tiết kiệm hơn á."
313,sentiment_label,positive,negative,"giao nhanh, săn được với giá 18không nhưng mà nghe được thời gian đầu rất okhông còn thời gian sau kết nối không vào, chỉ nghe được 1 bên rất chán"
314,sentiment_label,positive,negative,"về hộp tai nghe được đóng trong hộp giấy chắc chắn. không bao gồm bộ thay lõi tai nghe silicon tổng quan sản phẩm sử dụng ổn, hay bị ngắt quãng đang sử dụng thì âm thanh bị ngắt khoảng 2s rồi lại bthg , htrc 1 tai có không sử dụng được nên mình reset lại và bthg.đeo lâu khá đau tai, các âm không tốt như nghe loa ngoài. cách âm ổn"
316,sentiment_label,positive,negative,"tốt tai nghe ổn, thời gian lâu, nhỏ gọn trừ sao vì mỗi lần chỉ nghe được 1 bên, nếu sử dụng cả 2 thì nghe được bên phải nhưng khi để bên phải vào sạc thì bên trái mới nghe được"
318,sentiment_label,positive,negative,"giao hàng nhanh dù là hàng quốc tế nhưng 7 ngày đã có hàng, theo mình màu hồng là màu đẹp nhất trong tất cả các màu. đây là cái tai nghe thứ 6 mà mình đã mua và hình như chất lượng ngày càng giảm đi, cái đầu tiên mua cách đây 1 năm thì âm thanh rất to, còn 5 cái gần đây thì âm thanh rất nhỏ"
322,sentiment_label,neutral,negative,"không kết nối được với điện thoại. hướng dẫn không rõ ràng. trong hướng dẫn ghi là nhấn giữ 3 giây để khởi động nhưng giữ xong vẫn không kết nối được. sửa không phải không kết nối được mà phải vào tận phần cài đặt mới thấy hiển thị tên tai nghe để kết nối, chứ không hiện ra màn hình ngay"
322,issue_label,audio_quality,connectivity_bluetooth,"không kết nối được với điện thoại. hướng dẫn không rõ ràng. trong hướng dẫn ghi là nhấn giữ 3 giây để khởi động nhưng giữ xong vẫn không kết nối được. sửa không phải không kết nối được mà phải vào tận phần cài đặt mới thấy hiển thị tên tai nghe để kết nối, chứ không hiện ra màn hình ngay"
326,sentiment_label,positive,neutral,"có nam châm hít,sạc đầy xài 5 ngày chưa hết pin.hộp nhỏ gọn.nhưng không có bộ nút tai thay thế? mua giá cũng 239k.đeo nghe chơi tập thể dục hay coi phim thì được chứ nghe thưởng thức thì không nha.treble chói,âm nhỏ nên phải bật max,đeo chụp ảnh cũng không đẹp.không hiển thị pin,khá bất tiện 4 x"
330,sentiment_label,positive,neutral,nghe được. chưa dùng lâu không biết thế nào nhưng thấy cái vỏ không giống loại mua ở shop mall việt nam. vỏ có vẻ không xịn bằng hộp cũ màu tím
331,sentiment_label,negative,neutral,"nghe cũng tạm được mọi người thử mua rồi đánh giá nha, màu xinh"
333,sentiment_label,positive,negative,"nghe được hơn tuần thì hay bị giựt giựt, meeting thì thôi rồi luôn, bị ngắt quãng liên tục., khoảng cách 5m có tường chắn thì hay bị mất kết nối, bass tốt chứ không sâu, các dãy khác không có gì nổi bật, pin trâu"
335,sentiment_label,positive,neutral,"bình thường hộp sạc quá yếu, xài rất sợ bị gãy . pin thì không quá trâu đâu thấy nó bình thường à, nếu 1 ngày bạn xài 2,3 tiếng thì okhông còn người hay đi du lịch mà vừa đi vừa nghe nhạc thì nên đem theo xạc dự phòng or dây sạc. - âm thanh dành cho bạn nào không quá kén chất âm, mà chỉ để đeo nghe tiếng thôi cũng được . không biết mấy bạn sao chứ mình sạc full xài trong 3 ngày là sạc rồi đó là mình ở nhà không đi chơi đó nghen. còn đi chơi thì đeo 1 ngày là hết pin trong ngày luôn tai nghe chỉ dành để nghe được thôi. nó chỉ ở mức trung bình còn muốn để nghe nhạc hay thì nên mua air pod hoặc tai nghe của lg để nghe những bản nhạc sâu lắng."
339,sentiment_label,neutral,negative,"chưa rõ ạ chưa rõ ạ shop giao đúng sản phẩm tôi đặt mà tôi chưa biết cách kết nối ạ,tôi bật bluetooth mà không có kết nối được"
340,sentiment_label,neutral,negative,"có khả năng chống ồn sau khi sạc lần đầu không nghe được tai bên phải, không biết bị gì...?"
344,sentiment_label,positive,negative,"tạm chất lượng âm thanh rất bình thường mình mua lúc sale nên cũng rẻ chứ giá tai nghe chưa sale với chất lượng như vậy là mắc. tai nghe của mình có một bên nhạy hơn bên còn lại, bên còn lại lúc sạc phải lấy tay ấn vào rồi chỉnh chỉnh nó mới vào điện mà cũng nhanh hết pin hơn, nghe nhạc chỉ ở mức nghe được thôi chứ đòi nghe hay rõ bass rồi âm trong thì không có đâu. mà á tai nghe của mình còn thường xuyên tự kết nối với điện thoại cơ, rất dở lắm lúc phát bực! nói chung mình sẽ không mua lại, thấy nhiều đánh giá 5 sao quá nên mình bị kì vọng nhiều hơn thực tế sản phẩm hoặc do mình xui nhận tai nghe chất lựợng không bằng mọi người"
346,sentiment_label,neutral,negative,chờ 1 tháng mới nhận được hàng hàng và nghe chưa được 1 giờ hiện tại cắm sạc pin nhưng không vào pin. nhắn shop nhưng không trả lời 3 men men
347,sentiment_label,positive,neutral,"nghe cũng tạm tai nghe ổn trong tầm giá rẻ, nghe hơi xe xé, không hay bằng tai nghe nikkin go pro của việt nam nghe êm và đỉnh hơn việt nam mãi đỉnh!"
351,sentiment_label,positive,negative,"có một sự thật là càng sản xuất về sau chất lượng càng không okhông như trước ý ạ. 2 đứa bạn mình mua 2 đợt trước đó và giờ mình mua thì từ chất lượng hộp ngoài, vỏ tai nghe, âm thanh các thứ là đều đi xuống, nghe không còn đã như những chiếc trước đó nữa. đáng buồn đó ạ dù số tiền bỏ ra là tương đương nhau, cùng một sự tin tưởng là có một chiếc tai nghe okhông như chiếc của bạn mình trong mức giá này nữa"
354,sentiment_label,positive,negative,"không quá tốt như nhiều b review như review, không có chức năng cảm ứng tăng giảm âm lượng, thỉnh thoảng không nghe được"
357,sentiment_label,positive,negative,"tai nghe tạm ổn, tiền nào của đó, 1 2 cuộc gọi đầu đàm thoại tốt về sau rè khó nghe, nghe nhạc khi thì hay bị mất kết nối 2 tai hoặc mất kết tai phải hoặc tai trái"
360,sentiment_label,positive,negative,"hàng quốc tế nên giao hơi lâu, đóng gói sản phẩm chắc chắn nhưng mới dùng được mấy hôm thì tai nghe bên trái sạc không vào pin"
360,issue_label,audio_quality,battery_charging,"hàng quốc tế nên giao hơi lâu, đóng gói sản phẩm chắc chắn nhưng mới dùng được mấy hôm thì tai nghe bên trái sạc không vào pin"
361,sentiment_label,positive,neutral,"cách âm tốt bình thường giao hàng nhanh nhưng đóng gói không cẩn thận, mình nhận đơn mà cái hộp tai nghe bị ẩm, may mà tai nghe vẫn dùng được"
361,issue_label,audio_quality,packaging,"cách âm tốt bình thường giao hàng nhanh nhưng đóng gói không cẩn thận, mình nhận đơn mà cái hộp tai nghe bị ẩm, may mà tai nghe vẫn dùng được"
367,sentiment_label,positive,negative,"ổn ạ kết nối với máy khá nhạy mình đặt được hơn tháng rồi và thấy ổn ạ, sau khoảng thời gian sử dụng không hiểu sao tai nghe của mình cứ bị ngắt quãng khi nghe ấy"
370,sentiment_label,neutral,negative,"không biết sao mà mua về mình chỉ nghe được âm thanh có 1 bên tai thôi, bên còn lại thì không nghe thấy gì, cũng chưa biết tại sao nữa, mong shop hồi đáp"
374,sentiment_label,neutral,negative,"kết nối bluetooth với đt của m realme 5i không tốt. nghe được 1 tg bị tự ngắt, lúc tự ngắt kết nối- lúc tự tắt phát âm lượng media chỉ bật phát call mỗi lần nghe m phải kết nối lại chứ không tự động kết nối. chưa rõ do đt m hay sản phẩm nhưg trải nghiệm của m không như mong đợi dù thấy mọi người đều khen. xui quá huu 3 van linh"
376,sentiment_label,positive,negative,sản phẩm chất âm ổn nhưng cổng sạc bị lệnh nên không thể đánh giá hoàn hảo 5 được giá cũng không quá đắt nên cho 3 mong shop lựa chọn sản phẩm tốt hơn
378,sentiment_label,positive,negative,mua lần đầu sài okla quá chừng vậy mầu lần tiếp theo nó chập 1 bên tai. chưa giải quyết vấn đề với shop xong nên khá bực
380,sentiment_label,negative,neutral,"âm thanh nhỏ nhưng nghe cũng ổn, nhược điểm là mình chả biết khi nào hết pin"
381,sentiment_label,negative,neutral,"tai nghe ổn, pin khá trâu. đôi khi mất kết nối 1 bên tay và kết nối cũng hơi chậm, nắp khá lỏng lẻo, săn sale giá này ổn rồi"
382,sentiment_label,neutral,negative,"mình đặt là lần t2, lần này giao cũng không nhanh lắm tầm 1 tuần mới nhận được hàng. nhma đỡ hơn lần trc vì lần đầu đặt tận 2 tháng mà vẫn chưa thấy giao đến, rồi bị hủy luôn vì làm mất hàng của mình. bắt đầu hơi có ác cảm từ đấy nên cho 4 sao"
382,issue_label,product_quality,shipping_delivery,"mình đặt là lần t2, lần này giao cũng không nhanh lắm tầm 1 tuần mới nhận được hàng. nhma đỡ hơn lần trc vì lần đầu đặt tận 2 tháng mà vẫn chưa thấy giao đến, rồi bị hủy luôn vì làm mất hàng của mình. bắt đầu hơi có ác cảm từ đấy nên cho 4 sao"
385,sentiment_label,positive,negative,"tai nghe xinh, giao cũng nhanh, kết nối bình thường, cảm ứng cũng lúc được lúc không, chất lượng thì đáng buồn vì tai nghe kết nối được ở khoảng cách chỉ tầm 1 mét chứ không phải 10m, xa hơn nghe bị tậm tịt như đấm vào tai còn ở gần thì lúc okhông thỉnh thoảng nghe cũng bị tậm tịt xước xước nhạc nhảy từ tai này sang tai kia nói chung là buồn, mình có định trả hàng nma lười nên thôi"
386,sentiment_label,positive,negative,hàng về lúc sài okhông tutu sài hư cái nấp tai nghe đeo vào rứa tai ngoài voi trong đẹp nhưng giao hơi rất lâu nha cân nhắc trước khi mua
386,issue_label,audio_quality,damaged_defective,hàng về lúc sài okhông tutu sài hư cái nấp tai nghe đeo vào rứa tai ngoài voi trong đẹp nhưng giao hơi rất lâu nha cân nhắc trước khi mua
388,sentiment_label,positive,negative,"tư vấn nhiệt tình. đóng hàng ok. nhưng mà mình xui hay sao nhận được cái tai nghe bắt bluetooth yếu lắm lúc đầu mới về thì kết nối được cả 2 tai nhưng sau 1 ngày thì nó chỉ còn 1 tai thôi, âm thanh đôi lúc cũng chập chờn 1 t"
389,sentiment_label,positive,negative,giao hơi lâu gói hàng cẩn thận mà chất lượng nghe bình thường đúng giá tiền update tai nghe g nghe ớn lạy nghe chua lè the thé gớm lun
398,sentiment_label,positive,negative,"tai nghe ổn trong tầm giá, không phải nói là khá rẻ . chất lượng âm thanh okhông nhưng cảm ứng thà không có còn hơn. sau khi gần 1 tuần sử dụng thì thấy âm lượng quá to mặc dù đã chỉnh ở mức âm bé nhất nên nghe lâu dẫn đến đau tai."
400,sentiment_label,neutral,negative,tai nghe nhỏ hơn mình nghĩ nhiều á hộp to bằng 2 đốt ngón tay của trẻ con thôi tai nghe thì nghe hơi rè giao mất cả tháng quá
425,sentiment_label,neutral,negative,thiết kế bàn phím khá ngu ngốc. phim jkluiop là 6 số và 1 dấu trừ. mất đi 6 phím bấm nên giờ chỉ có vứt 35
426,sentiment_label,neutral,negative,"hàng j bể tùm lùm, mấy nút rớt ra hết, mất con ốc"
426,issue_label,no_issue,damaged_defective,"hàng j bể tùm lùm, mấy nút rớt ra hết, mất con ốc"
444,sentiment_label,neutral,negative,bóc ra thì thế này đây đúng là đồ rẻ là đồ ôi
449,sentiment_label,neutral,negative,giao hàng nhanh mà 6 ngày mới nhận được hàng ????
495,sentiment_label,neutral,negative,tệ
495,issue_label,spam_irrelevant,product_quality,tệ
498,sentiment_label,neutral,negative,giao hàng giống ông nội không quá
501,sentiment_label,neutral,negative,"nữa bên đúng, nữa bên sai"
501,issue_label,no_issue,wrong_missing_item,"nữa bên đúng, nữa bên sai"
506,sentiment_label,neutral,negative,phím gõ bị ngược
506,issue_label,no_issue,damaged_defective,phím gõ bị ngược
510,sentiment_label,neutral,negative,đặt k1000 shop giao k600
510,issue_label,no_issue,wrong_missing_item,đặt k1000 shop giao k600
511,sentiment_label,neutral,negative,bấm chữ này ra chữ khác
511,issue_label,no_issue,damaged_defective,bấm chữ này ra chữ khác
515,sentiment_label,neutral,negative,"bàn phím gõ ncc, gõ hụt chữ"
515,issue_label,no_issue,product_quality,"bàn phím gõ ncc, gõ hụt chữ"
528,sentiment_label,neutral,negative,kém
528,issue_label,spam_irrelevant,product_quality,kém
533,sentiment_label,neutral,negative,sao tao đặt màu hồng giao màu tím khoai môn vậy??? trên đời t ghét màu tím nhất
534,sentiment_label,neutral,negative,"dù đứt chỉ may chất vải dù tạm được, xu cho mình là đúng cây bị đứt chỉ may 2 cọng que rồi sao xài"
537,sentiment_label,neutral,negative,shop treo đầu dê bán thịt chó. đây gọi là gang tay à? hình ảnh 1 kiểu giao 1 kiểu
552,sentiment_label,neutral,negative,"mua màu hồng gửi màu vàng nhắn tin thì không thấy trả lời, nhắn tin trong live cũng k trả lời. chả hiểu nổi"
559,sentiment_label,neutral,negative,tam mua 2 mon gui co 1mon tinh tien thi tinh tien 2 mon ky ghe
559,issue_label,no_issue,wrong_missing_item,tam mua 2 mon gui co 1mon tinh tien thi tinh tien 2 mon ky ghe
560,sentiment_label,neutral,negative,đặt hàng giấy in ra vẫn là màu hồng lại giao màu vàng làm ăn kiểu gì không biết nổi
564,sentiment_label,neutral,negative,"dù gì toàn lỗ mọt, che mưa bằng niềm tin"
564,issue_label,no_issue,damaged_defective,"dù gì toàn lỗ mọt, che mưa bằng niềm tin"
565,sentiment_label,neutral,negative,mua màu xanh đen. giao màu đen. làm ăn không uy tín
591,sentiment_label,neutral,negative,kiu to maf một người che k đủ
591,issue_label,no_issue,size_fit,kiu to maf một người che k đủ
592,sentiment_label,neutral,negative,đặt màu đen mà shop giao màu xanh. nhắn tin lại shop thì shop cứ lòng vòng
593,sentiment_label,neutral,negative,"mua màu xanh dương gấu nâu hết xang dương gấu nâu, kêu đổi xanh dương bông cúc cái giao cho màu hồng gấu nâu. buôn bán cưỡng ép quá"
593,issue_label,material_comfort,wrong_missing_item,"mua màu xanh dương gấu nâu hết xang dương gấu nâu, kêu đổi xanh dương bông cúc cái giao cho màu hồng gấu nâu. buôn bán cưỡng ép quá"
600,sentiment_label,neutral,negative,không tí nào móng dánh à có 1 lớp nản lắm
600,issue_label,no_issue,product_quality,không tí nào móng dánh à có 1 lớp nản lắm
627,sentiment_label,neutral,negative,giáo cây dù bị gẩy tâm sao sài
627,issue_label,price_value,damaged_defective,giáo cây dù bị gẩy tâm sao sài
632,sentiment_label,neutral,negative,"giao hàng thiếu, shop không hoàn tiền lại"
633,sentiment_label,neutral,negative,đặt màu canh dương mà giao màu xám
636,sentiment_label,neutral,negative,kg có quà tặng nhé
637,sentiment_label,neutral,negative,"ô màu xấu, không giống hình và mỏng"
660,sentiment_label,neutral,positive,"chất lượng sản phẩm rất tốt, đóng gói cẩn thận, nhận hàng nhanh chóng. chất lượng sản phẩm không làm thất vọng, giá cả hợp lý. đánh giá 5 sao. chất lượng sản phẩm ổn định, giá cả phải chăng. tôi rất hài lòng. chất lượng sản phẩm tuyệt vời, giá thành hợp lý. đã giới thiệu cho bạn bè. chất lượng sản phẩm vượt xa giá trị của nó. sẽ mua lại ở shopee. dịch vụ giao hàng nhanh, sản phẩm chất lượng. hài lòng 100%"
660,issue_label,packaging,product_quality,"chất lượng sản phẩm rất tốt, đóng gói cẩn thận, nhận hàng nhanh chóng. chất lượng sản phẩm không làm thất vọng, giá cả hợp lý. đánh giá 5 sao. chất lượng sản phẩm ổn định, giá cả phải chăng. tôi rất hài lòng. chất lượng sản phẩm tuyệt vời, giá thành hợp lý. đã giới thiệu cho bạn bè. chất lượng sản phẩm vượt xa giá trị của nó. sẽ mua lại ở shopee. dịch vụ giao hàng nhanh, sản phẩm chất lượng. hài lòng 100%"
661,sentiment_label,neutral,positive,"nhận hàng thấy cũng ok, mình thích kiểu nằm vừa phải thì gối này ok, còn chất lượng thì phải dùng mới biết được, cảm nhận bằng mắt là ok ạ"
667,sentiment_label,neutral,positive,"sản phẩm đúng như mô tả, gối êm và mềm, chưa biết có chống đâu vai gáy cứ cho 5"
667,issue_label,damaged_defective,material_comfort,"sản phẩm đúng như mô tả, gối êm và mềm, chưa biết có chống đâu vai gáy cứ cho 5"
668,sentiment_label,neutral,positive,"sản phẩm đúng như mô tả, gối êm và mềm, chưa biết có chống đâu vai gáy cứ cho 5"
668,issue_label,damaged_defective,material_comfort,"sản phẩm đúng như mô tả, gối êm và mềm, chưa biết có chống đâu vai gáy cứ cho 5"
670,sentiment_label,neutral,positive,da nhan duoc goi shop giao hôm đặt cai nằm rat thich nen dat them cai nua gia re nen mua
670,issue_label,no_issue,material_comfort,da nhan duoc goi shop giao hôm đặt cai nằm rat thich nen dat them cai nua gia re nen mua
672,sentiment_label,neutral,negative,ổn gối mềm nằm thoải mái. tuy nhiên bị rách 1 lỗ nhỏ. trừ 1 sao
673,sentiment_label,neutral,positive,"mình rất thích sản phẩm này. đây là chiếc gối thứ 2 và thứ 3 mình mua, gối dùng rất thích"
673,issue_label,no_issue,material_comfort,"mình rất thích sản phẩm này. đây là chiếc gối thứ 2 và thứ 3 mình mua, gối dùng rất thích"
684,sentiment_label,neutral,positive,"gối đẹp, nằm êm đầu, dễ chịu. có điều không được đóng gói riêng trong túi hút chân không nên mua về phải giặt mới dùng được"
693,sentiment_label,neutral,negative,không có lớp bọc kín bông dẫn đến bông hay bị tràn ra hai bên gối
698,sentiment_label,neutral,negative,"đặt 2 cái gối nhỏ shop giao có 1 cái , nhắn tin shop hoàn tiền lại gối thiếu"
698,issue_label,seller_service,wrong_missing_item,"đặt 2 cái gối nhỏ shop giao có 1 cái , nhắn tin shop hoàn tiền lại gối thiếu"
699,sentiment_label,negative,neutral,ok video hình ảnh mang tính chất nhân xu hướng ok rẻ nhất rồi đấy nên mua một cái mà xào gia đình anh có biết
699,issue_label,damaged_defective,spam_irrelevant,ok video hình ảnh mang tính chất nhân xu hướng ok rẻ nhất rồi đấy nên mua một cái mà xào gia đình anh có biết
699,comment_type,shopee_template_review,spam_irrelevant,ok video hình ảnh mang tính chất nhân xu hướng ok rẻ nhất rồi đấy nên mua một cái mà xào gia đình anh có biết
702,sentiment_label,negative,positive,gối đẹp đáng mua nha mọi người gối rất êm nhưng bé gối thì sẽ cao
702,issue_label,damaged_defective,material_comfort,gối đẹp đáng mua nha mọi người gối rất êm nhưng bé gối thì sẽ cao
710,sentiment_label,neutral,positive,"nhìn có vẻ ok hy vọng dùng tốt dễ chịu, thoải mái nhất có thể. cảm ơn shop"
713,sentiment_label,negative,positive,sản phẩm giống như mô tả gối mềm êm dễ chịu giao hàng nhanh cho shop 5 sao
713,issue_label,damaged_defective,material_comfort,sản phẩm giống như mô tả gối mềm êm dễ chịu giao hàng nhanh cho shop 5 sao
724,sentiment_label,negative,positive,"đã nhận được hai gối như đơn đặt,mình tặng 1 cái cho bố,1 cái cho mẹ.rất ưng ý"
724,issue_label,damaged_defective,material_comfort,"đã nhận được hai gối như đơn đặt,mình tặng 1 cái cho bố,1 cái cho mẹ.rất ưng ý"
729,sentiment_label,negative,positive,như ảnh gối đẹp mềm mại giống mẫu mình lười quay video nên chỉ để lại nx vậy
729,issue_label,damaged_defective,material_comfort,như ảnh gối đẹp mềm mại giống mẫu mình lười quay video nên chỉ để lại nx vậy
730,sentiment_label,negative,positive,sản phẩm rất phù hợp với người khoa ngủ như tui
730,issue_label,damaged_defective,material_comfort,sản phẩm rất phù hợp với người khoa ngủ như tui
732,sentiment_label,negative,positive,goi chống mỏi vai gáy khá êm chat lieu mem chưa nằm lâu khônnh biết có ok không
732,issue_label,damaged_defective,material_comfort,goi chống mỏi vai gáy khá êm chat lieu mem chưa nằm lâu khônnh biết có ok không
743,sentiment_label,negative,neutral,shop giao hàng nhanh hàng đúng màu đúng mẫu gối hơi cao phần bông bên trong không có lớp lót nếu muốn vệ sinh gối thì cũng hơi bất tiện nhưng với giá này không đòi hỏi gì thêm cảm ơn shop
744,sentiment_label,negative,neutral,tốt hàng ok. giá rẻ. vỏ hơi không được như hình cho lắm. mỏng bí hơn
753,sentiment_label,neutral,positive,nằm siu thích luôn
753,issue_label,no_issue,material_comfort,nằm siu thích luôn
755,sentiment_label,negative,neutral,gối đẹp êm nhưng mình lắm gối cao thì hơi xẹp nha hợp với ai thích nằm gối thấp thôi ạ
767,sentiment_label,negative,positive,sản phẩm tốt như giới thiệu. hàng giao nhanh và đẹp. sẽ ủng hộ shop vào lần sau
767,issue_label,damaged_defective,product_quality,sản phẩm tốt như giới thiệu. hàng giao nhanh và đẹp. sẽ ủng hộ shop vào lần sau
807,sentiment_label,negative,positive,đèn led tốt thêm 41 ký tự và 1 hình ảnh và 1 video để nhận 200 xu. màu khá bàn phím khá đẹp nghe tiếng khá ổn nhưng không lắp được switch nên chỉ cho 4 sao thôi nhưng đổi lại gõ khá mượt đèn led đẹp xl mọi người chỉ có vid không có ảnh
807,issue_label,damaged_defective,color_design,đèn led tốt thêm 41 ký tự và 1 hình ảnh và 1 video để nhận 200 xu. màu khá bàn phím khá đẹp nghe tiếng khá ổn nhưng không lắp được switch nên chỉ cho 4 sao thôi nhưng đổi lại gõ khá mượt đèn led đẹp xl mọi người chỉ có vid không có ảnh
811,sentiment_label,negative,neutral,ngon nha nhưng không như tưởng tượng
826,sentiment_label,positive,negative,hoa hoc tốt giá đắt mặc dù đã khuyến mãi. khuyên các bạn ra aeon mà mua giá có 105k thôi mà k mất công chờ đợi j
827,sentiment_label,neutral,negative,"sản phẩm chất lượng kém, sản phẩm không như mô tả, sản phẩm giả mạo, hàng lỗi hoặc bị hư hỏng gi and her family have a great relationship with her family so"
827,issue_label,spam_irrelevant,product_quality,"sản phẩm chất lượng kém, sản phẩm không như mô tả, sản phẩm giả mạo, hàng lỗi hoặc bị hư hỏng gi and her family have a great relationship with her family so"
827,comment_type,spam_irrelevant,free_text_review,"sản phẩm chất lượng kém, sản phẩm không như mô tả, sản phẩm giả mạo, hàng lỗi hoặc bị hư hỏng gi and her family have a great relationship with her family so"
830,sentiment_label,neutral,negative,dong goi k cẩn thận. sơ sai k chong soc . vo ngoai hoi nhờn hhxbsn
830,issue_label,no_issue,packaging,dong goi k cẩn thận. sơ sai k chong soc . vo ngoai hoi nhờn hhxbsn
840,sentiment_label,neutral,negative,"để nhận hàng khuyến mại thì phải bấm lằng nhằng gì đó, đánh đố người mua. cuối cùng là không có hàng khuyến mại gì hết"
841,sentiment_label,neutral,negative,không có gửi kèm quà tặng là chai sữa tắm
845,sentiment_label,neutral,negative,không bọc chống sốc
847,sentiment_label,neutral,negative,đóng gói không bt kiểu gì đổ gần 400g xà phòng
848,sentiment_label,negative,positive,"shop giao hàng nhanh chóng, sản phẩm dùng tiện lợi, mùi hương dễ chịu"
848,issue_label,damaged_defective,product_quality,"shop giao hàng nhanh chóng, sản phẩm dùng tiện lợi, mùi hương dễ chịu"
850,sentiment_label,neutral,negative,giao hàng thiếu hủ tẩy da chết tặng
850,issue_label,shipping_delivery,wrong_missing_item,giao hàng thiếu hủ tẩy da chết tặng
853,sentiment_label,neutral,negative,đặt nước rửa tay mà giao sữa tắm
853,issue_label,no_issue,wrong_missing_item,đặt nước rửa tay mà giao sữa tắm
857,sentiment_label,neutral,negative,cục hàng khác chi gói rác k
857,issue_label,no_issue,packaging,cục hàng khác chi gói rác k
419,sentiment_label,neutral,negative,"hơi thất vọng vì chất lượng âm thanh khá xu. bật max loa mà nghe nhỏ xíu, lúc đầu mình tưởng do hết pin hay gì đó mà nghe nhỏ nhưng sau khi sạc đầy và test lại vài lần đều như vậy. chắc do mình mua lúc sản phẩm giảm giá hơi mạnh nên chất lượng cũng giảm chăng???"
468,sentiment_label,neutral,negative,"bàn phím bấm nút được nút không, thiết kế cách dùng của phím fn quá ngu. cái này nói thật để shop cải thiện"
484,sentiment_label,neutral,negative,không ngon bàn phím quá cứng anh em cân nhắc
492,sentiment_label,neutral,negative,nút bấm cứng
522,sentiment_label,neutral,negative,sản phẩm giả mạo không thể hoàn trả hàng
526,sentiment_label,neutral,negative,i don t like it
526,issue_label,spam_irrelevant,general_feedback,i don t like it
526,comment_type,spam_irrelevant,free_text_review,i don t like it
664,sentiment_label,negative,positive,sản phẩm ok như mô tả tặng shop5 sao sẽ tiếp tục ủng hộ shop
664,issue_label,damaged_defective,product_quality,sản phẩm ok như mô tả tặng shop5 sao sẽ tiếp tục ủng hộ shop
736,sentiment_label,neutral,positive,giao hàng nhân đung nhu quang cáo
747,sentiment_label,neutral,positive,vừa khớp đầu dễ vào giấc
797,sentiment_label,neutral,negative,good bàn phím không sáng
797,issue_label,no_issue,color_design,good bàn phím không sáng
800,sentiment_label,neutral,negative,mới dùng 1 thời gian mà mờ chữ trên bàn phím rồi
800,issue_label,no_issue,product_quality,mới dùng 1 thời gian mà mờ chữ trên bàn phím rồi
804,sentiment_label,neutral,negative,cảm giác bấm k chắc tay lắm ạ
804,issue_label,price_value,product_quality,cảm giác bấm k chắc tay lắm ạ
