review_text,sentiment_label,issue_label
"Dép đi trong nhà chống trơn trượt là loại dép có đế cao su hoặc nhựa (EVA, PVC) thiết kế gai ma sát, giúp an toàn trên sàn ướt, đồng thời có thể chống thấm nước, thoáng khí, êm chân, nhẹ, và nhiều loại còn có khả năng massage, giữ ấm, khử mùi, phù hợp để đi trong nhà, nhà tắm, văn phòng, với các chất liệu phổ biến như cao su, nhựa dẻo, xốp nhẹ, và vải bông, đáp ứng nhu cầu đa dạng từ sự thoải mái đến vệ sinh. Các loại phổ biến & đặc điểm nổi bật: Dép nhựa EVA/PVC lỗ thoáng khí: Đặc điểm: Siêu nhẹ, bền, chống nước, mau khô, có lỗ thoáng khí (giảm mùi hôi), đế chống trượt hiệu quả, êm chân. Phù hợp: Nhà tắm, nhà vệ sinh, nhà có trẻ nhỏ",positive,no_issue
Độ êm: đi rất em chân Chất liệu: nhựa xốp Màu sắc: màu lâu Hàng đẹp giá rẻ đi êm chống trơn trượt tốt sẽ ủng hộ shop lâu dài,positive,no_issue
"Màu sắc: nâu, Chất liệu: cao su Đúng với mô tả: đúng với mô tả, dép dễ đi , mềm k bị đau chân , đi lên nhìn chân bật tông😘😘😘😘",positive,no_issue
"Dép mang rất nhẹ, mền dẻo đi rất êm không đau chân.Size thì lớn hơn size chuẩn, loại này dành cho người có bàn chân mập ,tròn thích hợp hơn 👍👍👍",positive,no_issue
Chỉ xem được 1 máy. Nhắn tin hỏi mà shop ko hỗ trợ trả lời. Quá thất vọng Giao hàng nhanh.đóng gói cẩn thận,negative,packaging
"Sài ok! Chưa báo lỗi, không biết sản phẩm có bền không, đợi thêm thời gian xem sao!",positive,no_issue
"Hai cái, một cái kết nối cài đặt rất nhanh, một cái thì đổ mồ hôi rất lâu mới kết nối được, cứ báo không kết nối được wifi mãi. Nhưng cuối cùng cũng ổn",negative,damaged_defective
hàng ok? nhưng bên vận chuyển đồ công nghệ mà để méo hết hộp may k hỏng?,negative,shipping_delivery
Đóng gói kém hở hết chân camera trầy xước do vận chuyển . Chất lượng đang check . Miễn phí vận chuyển đơn trên 100k nhưng thực tế mất phí,negative,shipping_delivery
"Chất lượng sản phẩm: ok Tính năng nổi bật: ok 100 TỪ ĐỒNG NGHĨA DÂN IELTS PHẢI THUỘC LÒNG important = crucial, significant = quan trọng common = universal, ubiquitous = phổ biến abundant = ample, plentiful = dồi dào stick = adhere, cling = gắn với neglect = ignore = không quan tâm near = adjacent, adjoin = gần pursue = woo, seek = theo đuổi accurate = precise, exact = chính xác vague = obscure = mơ hồ top = peak, summit = đỉnh competitor = rival, opponent = đối thủ blame = condemn = đổ lỗi opinion = perspective, standpoint = quan điểm fame = prestige, reputation = danh tiếng build = erect, establish = xây dựng insult = humiliate = xúc phạm complain = grumble = phàn nàn primary = radical, fundamental = chính relieve = alleviate = xoa dịu force = coerce into, compel = bắt ép enlarge = magnify = mở rộng complex = intricate = phức tạp lonely = solitary = cô đơn small = minuscule, minute = nhỏ bé praise = extol, compliment = ca ngợi hard-working = assiduous = chăm chỉ difficult = arduous = khó khăn poor (soil) = barren, infertile = cằn cỗi fragile = brittle, vulnerable = dễ tổn thương show = demonstrate = thể hiện big = massive, colossal, tremendous = to lớn avoid = shun = tránh fair = impartial = công bằng attack = assault = tấn công dislike = abhor, loathe = không thích ruin = devastate = phá hủy always = invariably = luôn luôn forever = perpetual, immutable = mãi mãi surprise = startle, astound, astonish = bất ngờ enthusiasm = zeal, fervency = nhiệt huyết quiet = tranquil, serene = bình lặng expensive = exorbitant = đắt đỏ luxurious = lavish, sumptuous = sang chảnh boring = tedious = nhàm chán respect = esteem = tôn trọng worry = fret = lo lắng cold = chilly, icy = lạnh hot = boiling = nóng dangerous = perilous = nguy hiểm only = unique, distinctive = độc đáo stop = cease = ngừng part = component = phần result = consequence = kết quả obvious = apparent, manifest = hiển nhiên based on = derived from = dựa trên quite = fairly = khá pathetic = lamentable = thảm hại field = domain = lĩnh vực appear = emerge = xuất hiện whole = entire = tất cả wet = moist, damp, humid = ẩm ướt wrong = erroneous = sai lầm difficult = formidable = khó khăn change = convert = biến đổi typical = quintessential = điển hình careful = cautious, prudent = cẩn thận ability = capacity, capability = năng lực strange = eccentric = kỳ lạ rich= affluent = giàu có use = utilize = sử dụng dubious = skeptical = nghi ngờ satisfy = gratify = thỏa mãn short = fleeting, ephemeral = ngắn ngủi scholarship = fellowship = học bổng smelly = malodorous = bốc mùi ugly = hideous = xấu xí attractive = appealing, absorbing = thu hút diverse = miscellaneous = đa dạng disorder = disarray, chaos = hỗn loạn crazily = frantically = điên rồ rapid = meteoric = nhanh",neutral,spam_irrelevant
"Sóng wifi kém, hàng giao bị nứt 1 chân ốc. Nói chung giá rẻ nên cũng chấp nhận đc",positive,no_issue
Chất lượng ảnh ban ngày thì cũng tạm được. Ban đêm thì kém quá không bằng hãng khác 1mpx .với giá rẻ như vậy thì cũng không thể đòi hỏi nhiều,positive,no_issue
Nhận dc hàng rồi nhưng dùng thấy tốc độ mạng kém thấy cứ bị giật giật ko biết nguyên nhân vì sao? Mong shop giải thích giúp,negative,damaged_defective
Cục cấp nguồn bị vỡ nhưng vẫn dùng được. Lần sau shop cần chú ý bọc chống sốc cho cả cục nguồn,negative,packaging
"Camera ngon trong tầm giá, nhưng shop phản hồi chậm khi thắc mắc về phần mềm cài đặt !",negative,damaged_defective
"Giao camera thiếu thẻ nhớ 64G, gọi không cầm máy nt không trả lời,đến khi làm thủ tục trả hàng hoàn tiền thì mới trả lời.gửi bổ sung Bán hàng không ghi rõ Model chỉ ghi 4K,Q18 pro,8.0mpx Nhưng thực tế model: AK2P31-JW-Q2 18D HB,LEN3.4MM Ở camera ghi 8.0mpx. Mn khi mua nên hỏi kỹ model để khỏi bị ""đánh lận con đen"" Không hài lòng với cách giao tiếp của shop với khách hàng",positive,damaged_defective
"Đóng gói hơi móp méo , nhưng dùng thấy OK, ko biết về sau sẽ ntn",negative,packaging
"Gặp trục trặc tí trong vấn đề kết nối , cứ báo lỗi hoài , nhưng cuối cùng cũng kết nối đc , liên hệ shop hơi khó tí về việc hỗ trợ , ko đc nhiệt tình lắm , cứ bảo lên mạng tìm clip HD về cách lắp đặt . Hình ảnh từ camera tốt , trong và rõ",positive,damaged_defective
"Hàng mới lắp thấy sd ok ,nét đẹp ,độ bền thì phải chờ time xác nhận ,mỗi tội đóng hộp sơ xài ,bẹp móp đủ kiểu ,tv hỗ trợ thì chậm ,từ hôm trước đến tận hôm sau mí trả lời thì còn tv cái gì ,nói chung là sp ok ,sẽ ủng hộ shop",negative,packaging
"Độ mạnh: ổn Thời lượng pin: bình thường Chất liệu: cũng được Sản phẩm khá tốt, chất liệu cứng cáp, có 2 cấp độ, mát vừa, mát mạnh, thời lượng pin thì ổn, mà hơi thất vọng tại vì cái đầu quạt không xoay, di chuyển được, cứng đơ luông ắk",positive,no_issue
"Chất lượng sản phẩm: ok Tính năng nổi bật: đúng Đúng với mô tả: hình ảnh khác thực tế Hơi thất vọng vì hình ảnh là của makita nhưng nhận được là Taki, cảm giác như bị mua phải hàng nhái",positive,damaged_defective
"Đóng gói sơ sài, vận chuyển xa nhưng k chêm bên trong hộp nên lồng quạt bị móp méo, làm nghe tiếng rè của lồng quạt khi bật. Được cái quạt chạy mạnh, đang test thời lượng pin",negative,shipping_delivery
"Vừa mới nhận dc. Quạt , máy bị trầy xước tùm lum. Chưa sử dụng nhưng nhận hàng như ko phải đồ mới hơi thất vọng",negative,damaged_defective
"Vận chuyển bị móp, lồng quạt mềm, dễ móp, cánh cọ xè xè, motor bung óc, trục lệch như clip. Đợi hàng về r đi sửa thêm 50k. Nhắn shop rep đúng 3 dòng như ảnh. Chấm hỏi! Nhưng công tâm thì quạt có mát, sd tạm ổn",positive,shipping_delivery
"Chất lượng sản phẩm: tạm ổn Đúng với mô tả: đúng Tính năng nổi bật: làm mát,đã mua một cái và thấy ok nên mua thêm,nhưng mua lần 2 này ko ưng ý lắm vì shop đóng gói sơ sài,quạt thì to mà hộp đóng gói thì nhỏ xíu,móp méo,cánh quạt sát vào thân máy gây ra tiếng ồn lớn do va chạm vào nhau,máy thì quay rất ồn luôn,so với máy mình mua trước thì nó quạt êm hơn còn máy đợt này quá ồn,quay cảm giác rất khó chịu như tiếng máy cày ý",negative,packaging
Tôi đã mua 1cai dùng ok nên mua cái thứ 2thi nhận hàng đóng gói không được cẩn thận như đơt đầu bị móp,negative,packaging
"Chất lượng sản phẩm: lỗi Tính năng nổi bật: mát, lâu hết pin Giao đúng mẫu nhưng bị lỗi có hai mức nhưng chỉ sài được một mức, mình có hỏi shop nhưng shop không hề có phản hồi, bỏ tiền ra nhưng nhận lại hàng lỗi không đúng quảng cáo🙂",negative,damaged_defective
"Tàm tạm thôi. Thiết kế chỉ để xài khi mất điện, chứ k vừa xài vừa sạc được đâu. Cánh quạt bằng kim loại, hơi ghê. Shop đóng hàng khá cẩu thả nữa",negative,size_fit
Chất lượng sản phẩm: kém Đúng với mô tả: yes Quạt hoàng thiện quá kém nhưng vẫn sài đc,positive,damaged_defective
Tính năng nổi bật: ok Đúng với mô tả: ok Chất lượng sản phẩm: quạt thì ok nhưng củ sạc bị gãy đầu chui chui sạc bị gãy,negative,damaged_defective
"Mua về dùng thử bật hơn 4 tiếng vẫn chạy ok, nhưng quạt thì bị móp méo hết bật cánh quạt chạm vào khung phải lấy kìm bẻ lại mới không chạm. Quạt và cả pin đều có những chỗ bị xước",negative,packaging
Đúng với mô tả: đúng Chất lượng sản phẩm: rất tệ diện tích gió quá nhỏ nên không thấy mát gì cả không đáng tiền chỉ được cái đẹp,positive,no_issue
"Chất lượng sản phẩm: cx đc Đúng với mô tả: đúng Giao hàng về hộp móp, mới mở mà hình led đã bị xước, tui không bíc làm sao để móc dây vào luôn, giao hàng lâu",negative,packaging
"Rất thất vọng về shop, hôm trc mk có mua 1 cái thấy dùng ok gió mát lâu hết pin nên đặt thêm 2 chiếc về dùng, nhưng shop lại gửi mk nghĩ rằng đã có ng dùng thấy pin 82% nhưng rất nhanh hết pin, còn 1 chiếc là 0% pin, cái 82% nhanh hết pin lắm mk bật số 1 mà chưa đến 1 phút mất 1% pin vậy trung bình hơn nửa tiếng là hết pin r, nếu bật số 5 thì chắc dc vài phút 1 r*****3",positive,damaged_defective
"Chất lượng sản phẩm: theo thời gian để đánh giá Đúng với mô tả: không giống Tôi đặt quạt màu xanh Shop giao màu trắng, nếu như không có màu tôi chọn Shop có thể ib hỏi tôi, để rồi nhận ko đúng với lựa chọn của mình cảm thấy thất vọng không hề nhẹ",positive,no_issue
"Đúng với mô tả: không kiểu Tôi mua màu xanh cái hộp thì lại màu đen Chất lượng sản phẩm: tạm Quạt thì cũng mát nhưng ở cách gói hàng và cách bán không ổn nếu bạn nhìn kỹ thì trong này Tôi đặt màu xanh nhưng cái hộp lại màu đen và cái hộp còn bị móp méo nữa chứng tỏ một điều là cái hàng mà tôi mua đã có người từng xài rồi vì người ta trả hàng không có hộp nên họ phải lấy hộp khác bỏ vào và còn một điều nữa là phía dưới của cây quạt nó bị trầy xước rất nhiều thêm cái đồ sạc nữa kiểu như là không biết để quá lâu hay là đã có người từng xài rồi nhưng đồ sạc rất lỏng lẻo Nếu bạn nhìn kỹ video thì bạn sẽ thấy kiểu như khi tôi bẻ đồ sạc đó là cái máy quạt nó sẽ vô pin nhưng nếu mà để thẳng á là nó bị lỏng rồi nó không vô pin liền , sản phẩm thì tôi đã đặt vì trong đó nó ghi là loại 1 nên là tôi nghĩ nó sẽ tốt nhưng không ngờ nó lại chất lượng sản phẩm như vậy",negative,packaging
Đúng với mô tả: Đúng Chất lượng sản phẩm: Không Hàng bị bể nhưng đang cần sử dụng nên đành nhận thôi,negative,damaged_defective
Đúng với mô tả: ok Chất lượng sản phẩm: tốt Giao sai 1 màu 4★,positive,no_issue
"Đúng với mô tả: như hình Chất lượng sản phẩm: Okay 👌 Dung lượng pin nhỏ mau hết PIN nhưng sạc đầy cũng nhanh🔋 Nút bấm dễ hư, sử dụng lần thứ 2 là hư",negative,damaged_defective
"Chất liệu: Nhựa Giá đỡ: ổn Kích thước: nhỏ gọn Nhanh hết pin , không mát lắm và ồn",negative,damaged_defective
Nên cân nhắc trc khi mua quạt rẻ. Ồn mà gió k mát. Ảnh chỉ nang tính chast,positive,no_issue
"Đúng với mô tả: mua mua màu xanh lá giao xanh dương Chất lượng sản phẩm: pin lỏng lẻo,nắp dễ rớt Đóng gói sơ sài, hộp bị móp,và quạt nhớt",negative,packaging
Đúng với mô tả: ko Chất lượng sản phẩm: bị đứt dây điện của quạt,negative,damaged_defective
"Quạt bật lên có kêu rè rè do ma sát với dây điện, dây điện dán bằng súng bằng keo không chắc lắm nhưng có thể tự dán lại. Quạt có năm chế độ, cũng mát không đến nỗi tệ. Độ hoàn thiện vừa phải nhưng với giả cả thế này thì cũng bình thường",negative,damaged_defective
"Đúng với mô tả: đúng màu T dùng voucher nên nó rẻ 🥰, shop sợ lỗ hay sao gửi t cái dùng rồi hay sao á , nó bẩn điên luôn á 💔💔",positive,no_issue
Đúng với mô tả: đúng Chất lượng sản phẩm: hơi tệ Sạc 100% mà gió không bằng 1/4 cái quạt tặng,negative,product_quality
"Chất lượng sản phẩm: đúng Đúng với mô tả: ko, đặt màu đen nhưng lại giao màu xanh khá thất vọng về shop 😥",negative,damaged_defective
"Chất liệu: nhựa Giá đỡ: có Kích thước: dễ cầm, nhẹ tay Quạt có 5 mức, nhưng yếu lắm, quạt ko đc mạnh vs mát lắm nha. Lúc giao hàng về hộp bị méo móp. Ko có dây đeo cổ",negative,packaging
nhựa không tốt dễ vỡ và pin cũng không sài được lâu,negative,damaged_defective
"Đúng với mô tả: hinh ảnh mang tinh chat nhan xu Chất lượng sản phẩm: quá tệ Quạt quá tệ, y như đồ bỏ đi. Chẳng mát chút nào. Ko nên mua mọi người nhé",positive,no_issue
"quạt bị lỗi, cong mất một bên nhìn rất xấu. chế độ thì 5 nấc nhưng rất nhẹ, quạt không mát tí nào",negative,damaged_defective
Đúng với mô tả: sai màu sắc Ok,negative,wrong_missing_item
"Quạt rẻ, tôt. Nhưng quạt k mát",negative,damaged_defective
Mua về vừa mở ra thấy nắp bị gãy,negative,damaged_defective
Đúng với mô tả: ko đúng với mô tả lắm Chất lượng sản phẩm: nhanh hết pin,negative,product_quality
"Đúng với mô tả: hàng chất lượng kém , pin nhanh hết , không mát lắm 🥲",negative,product_quality
"Chất lượng sản phẩm: tạm ổn Đúng với mô tả: không Sản phẩm: Sản phẩm giả mạo, Sản phẩm không như mô tả Tôi đã bị lừa 😭 đây áo hàng nhái! Shop giao đúng màu, đúng cỡ, áo lành lặn không vấn đề, không bẩn, đóng gói kĩ, shop có che tên sp, giao hàng nhanh. Số đo chân ngực của mình là 65, đỉnh 75, mặc vừa vặn. Mút liền, phần xốp nó cứ thô thô ráp ráp kiểu gì ấy, mặc vào cảm giác nó không mềm mại thoải mái cho lắm, mà nó cũng không có tạo độ căng, độ độn lên cơ:))) chán. Phần vải thì mình cũng thấy khá thô ráp, và cũng hơi mỏng ấy. Nhưng mà đây là hàng nhái ấy trời=))) Trên hình mình có ảnh chụp so sánh 2 áo, áo dưới là áo thật, áo trên là của shop, nó khác nhau 1 trời 1 vực luôn ấy. Cũng cũng là áo tên ""sports belt"" này, mình mua ở bên ngoài, giá cũng 40k hay 60k ấy (lâu rồi mình không nhớ lắm), mút nó dày chắc phải gấp đôi mút áo này, vải áo cũng dày dặn hơn, mà hơn thế nữa là ở cả phần mặt ngoài và phần mặt trong của mút ngực có thêm 1 lớp vải nữa (vải vẫn liền với áo nhưng tách rời khỏi mút), chứ không như áo bên shop là=))) Dây áo có hình trái tim nữa nè, cò dây áo bên shop là trơn luôn. À à, cái áo trước mình mua là giống y như trên hình quảng cáo của shop đấy, nhưng còn áo shop giao thì khác rất nhiều so với quảng cáo nhe. Chung quy thì áo mặc tạm ổn, với giá này thì hơi đắt=) Trước mình cũng mua 1 áo fake khác trên Shopee, giá gốc 35k, áp mã còn có chưa tới 30k nhưng mà mặc nó còn thoải mái hơn áo này, ngực áo còn có độ phồng, vải mịn hơn. Sẽ không quay lại shop này",negative,packaging
"Màu sắc: xanh Đúng với mô tả: ko Chất liệu: ko biết Vô cùng thất vọng, áo chưa kịp mặc đã đứt phần quai:))), để mấy hôm còn tuột hết cả chỉ cơ. Về các phần khác thì khá ổn, đẹp hơn nhiều shop. Mua được với giá 9k thì chắc cũng ko nên mong đợi từ shop:))). Mọi người nên cân nhắc nha. Vì mua được với giá rẻ nên cho shop thêm 1 sao nữa:))",positive,no_issue
"Đúng với mô tả: đúng mô tả Chất lượng sản phẩm: thun Mình đặt 4 quần lót đúng mô tả , mình thấy giá cả phù hợp với chất lượng sản phẩm, riêng 2 dây ngực thì chọn size lại không đúng mô tả , giờ quá xa để đổi trả mà đặt mặt k vừa rất đáng tiếc ! Shop cần xem lại kích cỡ để khách tham khảo cho đúng nha ! Chứ đặt để mặc chứ đổi trả không ai muốn mất thời gian lại tốn tiền ship",positive,no_issue
"Sản phẩm: Sản phẩm không như mô tả Đây là hàng loại 2, quảng cáo loại 1, không có lớp lót, không co dãn, không đẹp bằng hàng loại 1",negative,damaged_defective
"Form áo rất chật mặc dù ngực mình bé và người mình nhỏ nhưng mặc vẫn không được thoả mái. Form áo không tôn vòng một, mặc vô ngực bé lắm, form áo nó cứ ọp ẹp ấy. May mua một cái mặc thử, chứ đọc fb nhiều bạn khen xong mua về bị thất vọng ấy. Nhưng mà vì giá tiền rẻ nên không tránh được",negative,damaged_defective
"cũng đc mua 2c giao lộn hết 1c ròi, shop xin lỗi mà giải quyết bằng cách cho voucher giảm giá khi mua hoá đơn 99k, v là phải mua thêm he gì? là xin lỗi dữ chưa, làm tốn tiền đặt thêm 1c màu khác để mặc đồ",negative,damaged_defective
"Áo lót hở lưng hình như không giống như trước, trước đây đã mua bên tipi áo khá dày dặn và form okay tuy nhiên đợt này khá thất vọng, áo mỏng và dây áo cũng lỏng lẻo",negative,damaged_defective
"Áo đúng hình, shop ghi sai kích cỡ. Size M ghi 70-75. M đo có 65cm, báo shop thì nhận trả lời ko có chuyện đó vì khách khác mặc bình thường. Đồ lót thì shopee ko cho hủy. Tự dưng nhận hàng ko mặc được lại mất tiền tâm trạng rất tệ",negative,damaged_defective
Áo với quần giao không đúng cho mình Thiếu đồ áo mình mặc k vừa,negative,size_fit
"Shop giao hàng kh đủ, lần đầu mình kh quay lại đoạn khui hàng nên giải quyết vào đơn sau, shop có báo là sẽ giao lại vào lần sau khi mình mua nhưng mà lần thứ 2 shop vẫn giao thiếu. Có ib cho shop shop đưa ra 2 phương thức nhưng mà khi bảo shop rep shop oki nhưng kh rep. Sản phẩm cũng oki ạ dù cái áo mình kh đc bao nhiêu ạ nhưng thất vọng xí ạ",negative,wrong_missing_item
Đúng với mô tả: size ghi 38/85 mà bé hơn cả Size 75 mình 58kg ngực có 82 mà ko nhét nổi mà shop báo vòng 84 -90 . quá thất vọng Sản phẩm: Sản phẩm không như mô tả,negative,damaged_defective
"Đúng với mô tả: tạm Chất lượng sản phẩm: 😕 Mình có yêu cầu hoàn trả hàng do mình theo số đo bảng size của shop đưa nhưng bị kích mang không vừa, nhưng không được hoàn trả, khá bất lực, chất cũng tạm, có điều bị mỏng. Ai sợ lộ thì mua loài khác dày hơn tí đi, chư này thấy mỏng nhé",negative,damaged_defective
Đúng với mô tả: 4/10 lần đầu mua đồ mà thất vọng như này.đúng là của rẻ là của ôi thiu mà.hình ảnh chỉ mang tính chât minh họa,positive,no_issue
"Chất lượng sản phẩm: bth Đúng với mô tả: đúng Mình pass 2 áo trắng sz 34 vì đặt nhầm,áo hơi chật nhé, lấy đúng sz vẫn bị kích. Dây áo ngắn nên mặc có cảm giác khó chịu, thường xuyên phải kéo xuống vì cứ hoạt động mạnh là áo bị kéo lên",negative,damaged_defective
"Đồ lót nhưng thun rất kém, không co giãn, do đồ lót nên mình k muốn trả... nhưng đồ lót thì mn nên đầu tư đi mua chọn loại có giá tốt hơn, thấy nhiều ng mua nên mình mua thử mà chất lượng kém quá",negative,damaged_defective
"Đúng với mô tả: sp kém hơn so vs mô tả Màu sắc: đen Chất liệu: vải hơi ráp áo mỏng , chất lượng kém",negative,material_comfort
Đúng với mô tả: k đ Màu sắc: ghi Chất liệu: mỏng K ngờ nó mỏng lễ mỏng lét như v luôn á mang như k mang ý chẳng nâng ngực tẹo nào .phí tiền mua,negative,damaged_defective
"shop tư vấn không đúng size, nhắn đổi trả thì không trả lời. Màu ghi nhạt không giống ảnh( không đẹp)",negative,size_fit
"Chất lượng sản phẩm: nhựa Đúng với mô tả: lấy hàng ko chọn lọc kỹ, bị xước, mòn như hàng đã sử dụng Hơi thất vọng một chút, hi vọng đơn hàng sau sẽ caia thiện hơn... dù giá trị ko cao lắm",negative,damaged_defective
"Sản phẩm: Hàng lỗi hoặc bị hư hỏng Loại 7kg Nhưng Đổ Hết Sức,Làm Mọi Cách Cũng chỉ được từ 6kg - 6,5kg...Đã Đổi Sang Cân Khác Cũng Vậy...Liên Hệ Shop Thì K Phản Hồi...Nghi Ngờ Bị Lỗi Khuôn Nhưng Liên Hệ K Phản Hồi...Quá Bức Xúc",negative,damaged_defective
Đúng với mô tả: đúng Nắp đậy không vừa dễ rớt phải dán băng keo nhưng chưa biết có giữ được không?,positive,damaged_defective
"Chất lượng sản phẩm: bị trầy xước , ko đẹp nhưng tạm chấp nhận",positive,damaged_defective
Đúng với mô tả: đúng Chất lượng sản phẩm: bình thường 4 cái thì vỡ mất 1 cái,negative,damaged_defective
Đúng với mô tả: ko Chất lượng sản phẩm: tệ Mang tiếng là top 3 shop bán tạ bán chạy nhất shopee mà shop giao thiếu nắp đậy Xong ship hàng bố láo làm móp tạ dẫn đến bị thủng lỗ Đặt tạ 4kg mà đo cân có mỗi 2kg? (Hình ảnh mang tính chất lấy xu vì máy bị đơ cam ko chụp đc sp),negative,packaging
"Đúng với mô tả: khá đúng Chất lượng sản phẩm: tốt Mình mua đc hai ngày cái nó xì ra ,ko làm j lủng cug xì",positive,no_issue
Đúng với mô tả: ko bóng sấu Bonga bị méo phải màu nhưng bóng rất nhẹ và có mùi hôi rất khó chịu nhưng ship rất nhanh,negative,damaged_defective
"Sản phẩm: Sản phẩm chất lượng kém Shop gửi hàng nhanh, tuy nhiên chất lượng kém. Mình nhận hnay 2 đưa trẻ đá mà đã thấy xước. Hàng như kiểu tồn kho thấy ghi năm 2023-2024 trên quả bóng",negative,damaged_defective
Chất lượng sản phẩm: binh thuong Đúng với mô tả: te Tôi mơi đá đc 2 hôm mà bóng đã bung chỉ Cho shop 2 sao vì cái bơm tốt,positive,no_issue
Chất lượng sản phẩm: không tốt mới đá đc 3 4 quả đã nổ. bóng 2 lớp. bóng đá mạnh xíu đã bị nổ không thể dùng để đá chs -)))))))))))))). lúc đó bóng vỡ khiến tôi cảm thấy rất tệ,negative,damaged_defective
"Đúng với mô tả: 60% Chất lượng sản phẩm: tạm Bóng ko hề tròn cứ méo méo ấy, bơm một chút lại xẹp lép bóng thì nhăn nheo vài chỗ:((((còn phụ kiện thì đủ. nói chung thì với cái giá này thi cũng ko đòi hỏi đc nhưng bóng tệ thế này thì",negative,damaged_defective
Đúng với mô tả: Đúng Chất lượng sản phẩm: Tệ Mua về chưa kịp đá,negative,damaged_defective
Bóng mới mua đá nhẹ nhàng mấy phát mà rách cả phần da 2 phát to đùng. Biết là bóng rẻ tiền thì chất lượng ko tốt nhưng cũng với giá đó sang shop khác nó bền hơn nhiều,positive,damaged_defective
Đúng với mô tả: ko giống như trên hình ảnh? chất lượng kém,negative,damaged_defective
"Mình đã nhận được bóng! Lúc nhận thấy khá tốt, bơm căng đẹp, nhưng chỉ được 15-20 phút sau là bóng xẹp dần. Mình có trao đổi với shop là bóng bị lỗi, shop nói đồng ý hoàn tiền, nhưng không tích cực hỗ trợ khách hàng. Vì đơn mình đã xác nhận nhận hàng nên chỉ có thể chọn hoàn tiền trả hàng trên hệ thống, nhưng shop lại bảo không trả hàng… như vậy sao mình yêu cầu hoàn tiền được??? Thực sự hơi thất vọng",negative,damaged_defective
"Chất lượng sản phẩm: cũng cũng Đúng với mô tả: sai Sản phẩm: Sản phẩm không như mô tả, Sản phẩm chất lượng kém trên hình là ép nhiệt nhưng về tay là bóng được may bằng chỉ lộ ra ngoài, ống bơm thì không bơm đc chất liệu dễ bong tróc nhưng rất đẹp",positive,damaged_defective
"Độ nảy: mong Chất lượng: kem Bóng chất lượng kém, đường may sơ sài, đá mấy cái đã muốn bung chỉ. Bán bóng mà ko có cái kim đi kèm. Mua về phải chạy đi mua kim. Shop gì mà ki bo kẹt xỉ. Không nên mua ưa",negative,damaged_defective
Đúng với mô tả: đúng như trên hình Chất lượng sản phẩm: ổn Sản phẩm: Sản phẩm không như mô tả Đúng như trên hình như shop ghi tặng kèm bơm về chả thấy bơm đâu,negative,damaged_defective
Chất lượng sản phẩm: tệ Mới bơm lên chưa j đã bị phòng rách da bóng hết trong khi đó bơm còn chưa cứng mà bị như v Chất lượng quá tệ ko nên mua,negative,damaged_defective
"Bóng nhìn chắc chắn, màu sắc đẹp nhưng đá 2 ngày đã bung chỉ khâu. Đúng tiền nào của đó",negative,damaged_defective
"Đúng với mô tả: không đúng vs mô tả Chất lượng sản phẩm: dễ rách Sản phẩm: Sản phẩm không như mô tả, Sản phẩm chất lượng kém Shop nói bóng này 5 lớp nhưng lúc mình nhận bóng thì cầm thấy nhẹ tay và lúc rách mình thấy có 1 lớp da bên ngoài và không đúng như miêu tả của shop là bóng 5 lớp da.(Mn và shop zoom lên sẽ thấy rõ)",negative,damaged_defective
Bóng rất đẹp nhưng đá đc vài quả bị rách chỉ,negative,damaged_defective
Đúng với mô tả: k Chất lượng sản phẩm: k tốt Bóng mua về vừa bơm lên chưa cả căng đã nứt toác cả ra. Nói chung là k ưng vì sản phẩm bị lỗi lớn như vậy,positive,no_issue
Bóng thì nhăn nheo lúc vừa đá thì rách luôn một lỗ,negative,damaged_defective
"Chất lượng sản phẩm: ổn Đúng với mô tả: ổn giao thiếu hàng, k có ống bơm, xì, đựng banh TỆ",negative,wrong_missing_item
Chất lượng sản phẩm: bóng da Đúng với mô tả: đúng Bị lủng 1 lỗ nha shop,negative,damaged_defective
Chất lượng sản phẩm: da mềm lên dễ rách Đúng với mô tả: đúng với mô tả nhưng chất lượng hơi kém,negative,damaged_defective
"Chất lượng sản phẩm: tạm Đúng với mô tả: trên shop 1 hình nhận về 1 hình khác Mới đá đã rách đường viền bóng , hàng đá tạm",negative,damaged_defective
"Bóng quá tệ, chỉ khâu thì bung hết, bóng thì méo mó. Nói chung chất lượng quá tê. Khuyên thật mọi người không nên mua. Tui là người mua chính thức đừng xem mấy phản hồi 5 sao của bọn nó thuê để cmt nữa. Bỏ tiền ra mua quả bóng nhìn mà thấy chán",negative,damaged_defective
Bóng ko giống trên hình đá đc 1 trận là rách độ bền quá kém,negative,damaged_defective
Độ nảy: độ nảy bóng tốt Chất lượng: quá ít lớp bóng mỏng Sản phẩm: Sản phẩm chất lượng kém Bóng chất lượng quá kém về hình thức khá đẹp nhưng khi vừa bơm căng lên bóng đã nổ rồi,positive,damaged_defective
Chất lượng sản phẩm: snc Đúng với mô tả: thiéu shop đề tặng bơm và túi đựng mà k hề có cái j. đọc kĩ ctm thấy nhiều quả đá vài tiếng vỡ. hoang mang quá cơ,negative,damaged_defective
"Đúng với mô tả: banh lỗi Chất lượng sản phẩm: bung chỉ,lủng không sài được Không chất lượng",negative,damaged_defective
Đúng với mô tả: đúng Chất lượng sản phẩm: kém Đá tí tuột chỉ,negative,product_quality
Chất lượng: mới mua chưa đá trận nào banh đã bị méo Sản phẩm: Hàng lỗi hoặc bị hư hỏng ko hài lòng mới sản xuất,negative,damaged_defective
"Chất lượng sản phẩm: giởm đá tí đã đứt chỉ ko nên mua , đá chơi chơi tập ở nhà thì đc",negative,damaged_defective
Đúng với mô tả: ko giống với quảng cáo cho lắm Chất lượng sản phẩm: tệ Đá 1 lúc là banh xì phải bơm đi bơm lại mệt đúng tệ luôn mình khuyên các bạn nên ra ngoài chợ mà mua banh còn ok hơn,negative,product_quality
Chất lượng sản phẩm: kém Đúng với mô tả: ko vừa ra sân đá mấy quả đã hỏng,negative,damaged_defective
Sản phẩm: Sản phẩm chất lượng kém Bóng mới về vừa đá chưa được 30 phút đã chị rách da bóng nhẹ nói chung là chất lượng kém,negative,damaged_defective
"Độ nảy: ok Chất lượng: nhanh hỏng Vừa nhận hàng xong bơm đá đc 1 lúc rồi để đấy thì lại hết hơi,tệ",negative,damaged_defective
Chất lượng sản phẩm: 0/0 Đúng với mô tả: hàng về lỗi sủng bịp Tôi rất hối hận vì đã chờ nhiều ngày mà shop giao về bóng sủng yêu cầu shop khắc phục,negative,damaged_defective
"Đã dặn shop kiểm tra kỹ trước khi giao. Thế mà vẫn giao thiếu bơm và kim. Nhắn tin cho shop bảo giao bù mà chả thấy đâu. Bóng thì cứng, k được êm. Mn k nên mua",positive,no_issue
Đúng với mô tả: không đúng như mô tả Chất lượng sản phẩm: kém Gửi bóng lỗi bị méo,negative,damaged_defective
Chất lượng sản phẩm: tệ Đúng với mô tả: ko Dỏm đá xíu rách da ko bt đá lâu như nào nữa bán hàng có tâm xíu đi,negative,damaged_defective
Đúng với mô tả: ko Hơi kém chỉ khâu không chắc,negative,product_quality
Độ nảy: nhẹ tênh Chất lượng: dễ bung Sản phẩm: Sản phẩm chất lượng kém Đang bơm tự nhiên phát nổ quá nguy hiểm,negative,damaged_defective
Đúng với mô tả: đúng Chất lượng sản phẩm: không tốt Bóng này em tôi mới lớp 4 mà đá được hai bữa thôi mà chỉ bị bung hết. Nói chung là tệ,positive,no_issue
"Chất lượng sản phẩm: dùng được 2 ngày bung chỉ bong vỏ bên ngoài Đúng với mô tả: banh đẹp,quá méo",positive,no_issue
"Độ nảy: quá nhẹ Chất lượng: kém, sút mấy lượt đã thủng",negative,material_comfort
Đúng với mô tả: bóng mua 3 ngày bơm lên chỉ đứt,negative,damaged_defective
"Mùi hương: tot Chất lượng sản phẩm: tot Đối tượng sử dụng: tot 🎉Cuộc thi “VỊ CHẤT BẠN TẠO"" của AFC nay đã đến vòng chung kết với màn chào sân của TOP 5 VỊ BÁNH ĐƯỢC YÊU THÍCH NHẤT! 🎁Ai là chủ nhân đằng sau vị bánh quán quân cùng cơ hội",negative,damaged_defective
"Hàng giao sai mẫu, hỏng hóc, gương vỡ. Mình đã thiện chí nhắn tin trước khi đánh giá nhưng shop trả lời rất vô trách nhiệm và không giải quyết vấn đề. Mọi người nên tẩy chai shop này!",negative,wrong_missing_item
"Sản phẩm đóng gói cực kỳ tệ, giao đến tay khách hàng toàn bể vỡ, sản phẩm thì giao sai mẫu, đồ nhựa dễ vỡ mà dùng bịch đen để đóng gói sơ sài, tốn thời gian yêu cầu trả hàng, ai có ý định đặt hàng đồ nhựa và các sp bên shop này thì nên cân nhắc để tránh bực mình, giá rẻ hơn các shop khác nhưng đổi lại là nhận đồ bể, rước thêm sự bực mình vào người",negative,packaging
"Đã nhận được sản phẩm đúng như mình đặt mua, nhưng sản phẩm không còn nguyên vẹn và bị dính dơ, nước chảy tùm lum, có mùi hôi",negative,damaged_defective
Hàng giao bị thiếu sản phẩm..bị bể..shop chỉ *xin chân thành xin lỗi anh chị* và hướng dẫn trả hàng hoàn tiền..mình có nói mình đặt thêm shop giao bù món thiếu và đổi lại hàng bể..shop bảo k có dịch vụ đó..lần thứ 2 bị giao hàng thiếu cùng 1 shop..lần trc mình k có video nên k nói đc,negative,damaged_defective
Mình thật sự là một người mua khá dễ tính. Nhưng thật sự không thông cảm được khi shop bán những sản phẩm bọc rất bẩn nhìn rất dơ và cũ mà vẫn còn giao cho khách hàng. Không an toàn cho khách hàng vì sản phẩm sài trực tiếp lên da,negative,packaging
"shop bán giá thì cũng rẻ nhưng tệ gói hàng rất sơ xài,mặc dù mình đã nt riêng là gói chống sốc dùm mình nhưng ko gói,gói hàng xơ sài vô cùng ,đến được tay mình thì kệ dép đã bị móp méo và bể",negative,packaging
"Không có hình ảnh , nhưng shop giao thiếu hàng mng ạ , thấy nhiều người nói giao thiếu hàng mà giờ mình bị mình mới tin👍",negative,wrong_missing_item
"Chất lượng sản phẩm: cb nhận hàng mà lòng chẳng thấy hài lòng một chút nào, móp, thau bể r sao sử dụng",negative,packaging
"Xác nhận thì lâu, giao hàng nhanh nhưng hàng quá kém đồ dỏm, đặt 4 hỏng 2 thì xài đc cái gì? Mọi người mua hàng xem xét lại nhé",negative,damaged_defective
Giao thiếu hàng. Shop trả lời tin nhắn rất chậm. Sẽ không bao giờ mua lại,negative,wrong_missing_item
"Mua hàng trên sp nhiều rồi mà đây là lần đầu tiên phải đánh giá 1s. Shop làm ăn quá tệ, GH thiếu nhưng ko giao thêm mà hoàn tiền về ví sp để khách rút ra thì phải mất 11k tiền phí. ngta đặt hàng đợi tận 15 ngày là để nhận hàng chứ ko phải để nhận lại tiền đã vậy còn bị hao hụt. Mìh đặt tận 20sp mà v",negative,damaged_defective
"Giao sai hàng, có nhắn tin riêng nhưng cũng chả hỗ trợ được gì. Mua 5 món giao sai 2 món, khi nhắn riêng thì shop báo trả hàng hoàn tiền trong khi mình chỉ muốn đổi lại 2 món giao sai thôi",negative,wrong_missing_item
"Shop giao thiếu hàng, khiếu nại ko dc giải quyết. Món hàng nhỏ ko đáng bao nhiêu tiền nhưng shop làm vậy mất uy tín quá. Ko bao giờ mua lại lần 2 . Sản phẩm kém chất lượng ko giống trong hình ảnh.👎",negative,wrong_missing_item
Giao thiếu đèn ngủ và 2 quyển sổ. Shop xem thì trả lời tin nhắn cho mình. Tiền trả hết đơn hàng nhưng lại giao thiếu. Không tl tn là sao ??,negative,wrong_missing_item
"Một trong ít sản phẩm giữ lại (sau khi trả hàng gần 1 nửa) thì dùng lần đầu tiên là gãy luôn. Rất ít khi trả hàng vì trả hàng lúc nào cũng mất tiền nhưng nhận hàng của shop này mở ra rất bực buộc phải trả. Đừng nói hàng rẻ thì chịu vì ng mua ai cũng muốn săn hàng rẻ, còn shop bán phải trung thực",positive,damaged_defective
Chất lượng sản phẩm: giao sai hoàn toàn.đồ dỏm kg Kg nên mua nha mọi người..đặt món này giao món nọ..mà toàn đồ dỏm kg à,negative,wrong_missing_item
Quá dỏm. Rẻ nhưng bì đã lủng còn dán keo nến lại nữa chứ. Bó tay shop luôn,negative,damaged_defective
Đóng gói sơ sài giao về móp méo tùm lum còn bị rách ở bên ngoài đồ ở trong thì gãy bỏ tiền ra mua nhưng nhận về thì k thể sài được. Chuẩn bị hàng rất là lâu và giao thiếu đồ nữa thiếu rất là nhiều,negative,packaging
"chưa nói đến sp . Vì rẻ nên chát luog cug tạm - nhug rất chê về vấn đề đóg gói sp. Quá cẩu thả và k chuyên nghiệp ! -mặc du mjnh mua cả thùng . 30 gòi .. mà nhu mua vài gói . Dóng hag lỏng lẻo . Ko dog gói cân thận - giấy xô nhau , méo mó, giấy ướt ben trong cug xô theo ( vì giáy bên trong rất ít) goi bé",negative,damaged_defective
"Kho còn hàng mình đặt ok nhưng shop báo hết hàng vẫn gửi thiếu hàng,dù shop hoàn tiền nhưng mình ko hài lòng,shop nên ib báo khách",negative,wrong_missing_item
"Giao thiếu hàng, thời gian giao hàng lâu. Bọc hàng ẩu, khay giấy bạc mua về bị bóp méo hết k sử dụng được, thìa cũng cong vênh. Không bao giờ mua lại lần sau. Quá thất vọng",negative,packaging
"Giao thiếu sản phẩm rao cạo râu cần thiết gọi và nhắn tin 1 tuần thì không được hỗ trợ bất cứ gì , tờ giấy thì ghi rõ ràng là hoàn tiền nhưng không hoàn tiền",negative,wrong_missing_item
Giao hàng thiếu.nt ko trả lời.nói chung ko nên mua,negative,seller_service
"Shop chuẩn bị hàng quá tệ phải có 0 sao là cho luôn rồi , thấy sp rẻ đặt 5 món giao không đủ ib thì không reply , hên là chỉ có vài chục nghìn nhưng làm ăn vậy không uy tín rồi",negative,damaged_defective
Không hiểu shop làm ăn kiểu gì luôn á. Thấy rẻ nên mua đâu ngờ là hàng rẻ mà đóng gói tệ vậy đâu trời. Sợ thật không dám mua lần sau,positive,no_issue
Tệ giao thiếu 4sp nhưng chỉ hoàn tiền 3 ăn chăn 1 sp tuy không nhiều nhưng mọi người không nên mua shop này,positive,wrong_missing_item
Chất lượng sản phẩm: tệ Mua loại tốt giao qua loại 2- và 3 là sao buôn bán lừa gạt,negative,product_quality
"Chất lượng sản phẩm: ổn Kệ nhìn chung ổn gia rẻ , nhựa dẻo nen khi lắp k bi bể như nhug shop khác ,,moi ng nên mua ạ",positive,no_issue
"Chất lượng sản phẩm: mỏng hơn mong đợi, chỉ treo đc vật nhẹ, treo vật nặng là 1 thgian sẽ gãy và rớt",negative,damaged_defective
"Bận quá hôm nay mới đánh giá shop, mua nhiều qua mạng rồi mà lần đầu tiên thấy được một shop chuyên nghiệp, uy tín , không có hàng gởi kèm tiền vào một tờ giấy ghi chú đàng hoàng dù chỉ có 15k. Bao nhiêu thôi cũng đáng mua hàng của shop. Hàng hoá thì quá ok",positive,no_issue
"Giao hàng nhanh, đóng gói không biết có kỹ không nhưng khi nhận hàng thì thấy rách không biết do vận chuyển hay gì mở ra thì thấy ẩm ướt. Nhưng không sao chỉ có sáp hoa thơm bị mở bể ra như đã qua sử dụng ý. Hi vọng lần sau shop có thể gói kỹ hơn chút",negative,shipping_delivery
Sản phẩm mới nhưng cả 2 bịch mua đều bị rách các lỗ nhỏ Chưa sử dụng chưa biết nữa,negative,damaged_defective
"Chất lượng sản phẩm tốt, đúng như mong đợi, nhưng đóng gói sản phẩm thô sơ nên bị bể 1 túi, bột bị rớt ra ngoài",negative,packaging
"Giao đủ số lượng, hàng như hình nhưng đóng gói ọp ẹp quá, bóc hàng không khéo chắc rách hàng bên trong luôn",negative,packaging
Sippee dễ thương .mọi thứ đều ok 👌nhưng cái rổ bể như vậy sao xài,negative,damaged_defective
"Đã nhận đc hàng , nhưng shop gói hàng kg kỹ để vận chuyển làm gãy mất 2 cây viết",negative,shipping_delivery
"Chất lượng sản phẩm: chưa sd Hàng đóng giống hàng, shop đóng hàng rất lâu, chậm, có đặt thêm hộp 4 ngăn shop đưa hàng rất dơ bị bể, soạn hàng không có trách nhiệm cho lắm, thấy shop cũng chấp nhận hoàn",negative,packaging
"Giao hàng nhanh, thảm lông mềm, hơi bé và bẩn, nhìn giống thảm cũ",negative,material_comfort
"Ok, thảm hút tốt, vậy thôi :v, mà trừ 1 sao bù vì đơn hàng giao chậm với mỏ hàn dùng 30' đã hư cmnr",negative,shipping_delivery
Sản phẩm giống mô tả. Nhưng giao màu hồng nhạt mau dơ. Đóng gói sản phẩm chắc chắn. Thời gian giao hàng chậm,negative,packaging
Thảm bên ngoài mùi hôi lắm và ko sáng đẹp dày dặn được như hình mô tả =.=,negative,damaged_defective
Giao hàng hơi chậm và thiếu hàng nhưng bù lại sp ok chất lượng nên đánh giá 4 sao,negative,shipping_delivery
Dẻ lau mỏng hơn mình nghĩ. Không êm chân lắm do cục bông thưa và ít,positive,no_issue
Chất lượng sản phẩm: tạm đc Đúng với mô tả: chỉ có cái thớt k đúng mô tả Tất cả sp trừ thớt nhựa là k ưng. K nghĩ là thớt j bé như bàn tay mà shop giao đc,positive,no_issue
Chất lượng sản phẩm: ok Đúng với mô tả: đúng như mô tả Ok những chỉ lổi là giá trên bát bể mất một chân không lắp được cái giá đứng không vững,negative,damaged_defective
"Mùi hương: ko mùi Công dụng: máy mác sa nhẹ, cảm giác tê tê như có luồn điện, với giá cả này thì ok, nhỏ gọn đơn giản dễ sài",negative,damaged_defective
Mùi hương: có mùi nhựa Công dụng: giúp massage Shop gì mà không tư vấn kỹ càng gì hết tôi nhắn và số 0 trả lời để bị trừ 2 sau sản phẩm thì dùng ok nhưng tôi nói sớm nghe nè shop nàng trả lời tin nhắn của khách hàng nha shop ơi,negative,damaged_defective
"Mùi hương: không Công dụng: massage Shop đóng gói rất cẩn thận. Giao hàng nhanh, đúng mẫu và số lượng. Sản phẩm có thiết kế đẹp, tốt cho sức khỏe. Tất cả còn nguyên vẹn khi nhận. Đặt 10 cái, chỉ có 9 cái hoạt động được, 1 cái không lên nguồn",positive,no_issue
"Công dụng: .. Mùi hương: .. Như bị điện giật ngay cả dùng mức nhẹ nhàng nhất Phí tiền, k phù hợp với mình",negative,damaged_defective
Đã nhận được hàng nhưng hàng chán quá không dính toàn bị bong ra thôi nhưng giá rẻ chả đáng là bao nhiêu nên thôi cũng không trả hàng,negative,damaged_defective
Mùi hương: k Công dụng: . Mua miếng dán mà đuoqc tặngg thêm cái máy shop này hay uy tín quá:)),negative,damaged_defective
Mùi hương: không mùi Công dụng: chế độ OK. nhưng chưa biết có OK và giảm đau mỏi không vì moi dùng chưa rõ Giao hàng nhanh sản phẩm chưa dùng chưa biết .. và độ bền thì không rõ.. hàng được gói cẩn thận,positive,damaged_defective
"Sao cảm giác như bị giật điện vậy nhỉ mà kiểu như gai chích ấy, cảm giác ko êm, ko thoải mái",positive,no_issue
Công dụng: tốt Mùi hương: tốt Kêmdn d được không biết đợt này mình có nhập hàng gì không ạ a ot,positive,no_issue
Mùi hương: không có Công dụng: dán Miênhs dán khá ok dumg 1laanf là bỏ à vì miếng bên trong dễ bị bẩn lắm,negative,damaged_defective
Mùi hương: máy sử dụng tốt nhưng miếng dán lại k dính được như trên clip quảng cáo,negative,damaged_defective
"Công dụng: massage Mùi hương: bình thường Ok đấy nhưng mà dán không dính nhé, dính không chắc",negative,damaged_defective
Hỏng 1c 1 cái dùng đc cái dùng đc cx thích,negative,damaged_defective
Máy k hợp với gd mình.kiểu xung điện gây khó chịu ..mình thử k hạp..cha mẹ mình cũng k xài dc..thấy mọi người đánh giá tốt. Mà mua về xài k dc..kiểu k hợp á..giật giật gây khó chịu..chứ k phải kiểu mass thông thường. Trông bữa jo mà nhận hàng bùn quá,negative,damaged_defective
Mùi hương: không mùi Công dụng: Masan Cũng được moi dùng thử cũng thấy nó ok nhưng mua về cắm sạc không thay vào pin hơi thất vọng 🤦,negative,damaged_defective
Công dụng: xoa bóp Mùi hương: ko mùi Mình chưa biết sd như nào nhẹ lắm chả có tác dụng gì hơi rung rung thôi. Hình ảnh mang tính chất nhận xu,negative,damaged_defective
Mùi hương: bth Công dụng: mát xa nma không như minh hoạ,negative,damaged_defective
Công dụng: không Mùi hương: ko tôi ko thích quà tặng khẩu trang tôi muốn massage sung điện cổ vai gáy cơ,negative,damaged_defective
Cảm giác như điện giật rất khó chịu. Mình thử cho mình và bạn mình đều không dám dùng tiếp. Các bạn cân nhắc khi mua. Mình chỉ để 3 sao vì dịch vụ khách hàng shop vẫn tốt,neutral,spam_irrelevant
"Như hình , nhưng shop giao thiếu mình mấy miếng dáng massa , mình mua 3 miếng và 1 máy , shop giao 1 miếng và 1 máy , shop chú ý lại giúp mình nhé",negative,wrong_missing_item
Mùi hương: bt Công dụng: bt Chân sạc kg tốt lắm. Chập chờn,negative,damaged_defective
Công dụng: massage Mùi hương: có nhẹ Ko ưng cho lắm nha Nhưng nói chung là tiền nào của nấy,positive,damaged_defective
Mùi hương: bình thường Công dụng: massage Hàng có rất nhiều lỗi nhưng khi nhắn tin với shop shop cứ kiểu như là tl cho có chứ không giải đáp thắc mắc của mình,negative,damaged_defective
"Mùi hương: ko mùi Công dụng: không được tốt lắm Dùng chỉ thấy tê với cảm giác đau và nhứt,không có cảm giác thoải mái khi dùng",positive,no_issue
"Tiền nào của đấy, hàng rẻ nên vừa xỏ đã rách r, may mua có 1 đôi ko thì phí tiênf",positive,no_issue
"Mỏng , ko vừa size với nam giới , khi đeo vào chả khác gì giống tất quần của nữ giới cả",negative,size_fit
Chất liệu: vải mỏng Màu sắc: đẹp Đúng với mô tả: k đúng với mô tả. Mua 2 loại.1 loại đắt 1 loại rẻ mà lại gửi 1 loại rẻ thôi.vải mỏng nữa,positive,no_issue
"Đúng với mô tả: không Chất liệu: rất rất mỏng Màu sắc: như hình Vừa ngắn vừa mỏng, không thể chống nắng được, mang vào tay giống như vớ da. Chán",positive,no_issue
Màu sắc: den Chất liệu: mỏng Đúng hàng nhưng quá mỏng đúng là tiền nào của đó mọi người nên căn nhắc,negative,damaged_defective
"Màu sắc: đen Đúng với mô tả: đúng Chất liệu: vãi Hơi ngắn , chỉ tới cẳng tay, mấy bạn tay dài sẽ khó chịu, đeo vào có chút ngứa , giặt thì chắc đỡ ( tại ngứa quá nên đang bỏ qua 1 bên chưa giặt)",negative,damaged_defective
Đúng với mô tả: sai Màu sắc: trang Chất liệu: vai Vải mỏng như tờ giấy ý. Đeo cái này có mà bắt nắng hơn chứ chống nắng j. Ảo thật đó 10k mà như 1k chịu tjaayh,negative,wrong_missing_item
Đúng với mô tả: đúng Màu sắc: đen Chất liệu: vải Hàng mỏng đeo chưa nổi 1 ngày đã rách r chê nhé =)))),positive,no_issue
"Chất liệu: mỏng, dễ rách Đúng với mô tả: nhỏ hơn tưởng tượng Màu sắc: đen sản phẩm ko như mong đợi, nhỏ, mỏng, dễ rách",negative,damaged_defective
Đúng với mô tả: dùng được có mấy ngày là rách Chất liệu: ko hài lòng Màu sắc: ko giống,positive,no_issue
"Màu sắc: Bao tay mỏng dính và ngắn ngủn luôn.Quá thất vọng về sp, mua về nhưng ko sử dụng dc",negative,damaged_defective
Đúng với mô tả: hình ảnh chỉ mang tính chất nhận xu Chất liệu: mỏng quá,negative,material_comfort
dễ rách nhưng dùng tạm ổn,negative,damaged_defective
"viết tạm được nhưng không mượt, giá chát, sẽ không bao giờ mua lại",negative,damaged_defective
"Sản phẩm: Sản phẩm không như mô tả, Sản phẩm chất lượng kém, Hàng lỗi hoặc bị hư hỏng Không thích kiểu thiết kế của ngòi bút, còn tệ hơn loại 1-2k ở shop khác luôn á hả bác bạn có thể làm được gì cho mình hỏi thăm",negative,damaged_defective
"Sản phẩm: Sản phẩm chất lượng kém, Sản phẩm không như mô tả hình ảnh minh hoa. ủa alo s dc 1 cái bút v. 1 cái mà bán 12k ảo giá vvl xong lúc ấn thêm giỏ hàng cx k ghi cụ thể là bao nhiêu cái rất gà mờ nhé",negative,damaged_defective
Chất lượng sản phẩm: trời ơi thấy vọng thiệt chứ Đúng với mô tả: mong shop rep đánh giá Chưa lấy đc hàng Shipper ăn cắp hàng,negative,shipping_delivery
"bút đỏ viết không đẹp, mực ra đậm quá lâu khô nữa bút xanh đỡ hơn",negative,color_design
"Chất lượng sản phẩm: lỗi Đúng với mô tả: ko Sản phẩm: Sản phẩm không như mô tả, Hàng lỗi hoặc bị hư hỏng giao cho cái bút ngòi bị hỏng lên mình bỏ ra rồi cái bút có mấy nghìn lên th cũng chẳng thèm trả làm j🙂",negative,damaged_defective
"Giao thiếu hàng và sai luôn cả mẫu mã, shop uy tín mà không uy tín j cả, lần sau sẽ ko bao h quay lại shop này nữa",negative,wrong_missing_item
Chất lượng sản phẩm: có nhận dc đôu mờ Đúng với mô tả: hong bích tố cáo shipper lấy hàng của khách :((,negative,shipping_delivery
Đúng với mô tả: không đúng với mô tả trên ảnh shop là 1 hộp nhưng về chỉ là 1 cái mng nên chú ý khi mua hàng ạ,positive,packaging
Chất lượng sản phẩm: tệ Đúng với mô tả: không đúng với mô tả,negative,product_quality
"Cái bút mới về 1 ngày mà đứt cái ngòi luôn r má :))) k hiểu thế nào luôn, may là rẻ chứ k chắc tức chớt",negative,damaged_defective
Đúng với mô tả: tạm Chất lượng sản phẩm: tệ Ibyxrxtvubk8ubyctx527555ydrt hgyxxtyvubhnkbctv,negative,product_quality
Đúng với mô tả: không Ủa 1 hộp có 1 cây vạy ạ? Mua 5 hợp đc 5 cây 1 cây 10k à còn ship nữa Rất tệ,negative,packaging
Bút ngòi thì tắc mực dùng chán lắm k giải quyết đc thiếu hàng thiếu tièn cho mình shop lớn mà làm chán lắm không ra gì không đáng mua chê,negative,wrong_missing_item
Đúng với mô tả: ko Chất lượng sản phẩm: tệ Mực ko ra đều,negative,product_quality
"Chất lượng sản phẩm: khong tot Đúng với mô tả: bình thường Ngòi hay tắc mua năm cái tắc 3 rồi dùng gì nữa, hàng kém chất lượng thật sự lần sau sẽ không mua nữa",negative,damaged_defective
Chất lượng sản phẩm: đẹp nhưng đắt Đúng với mô tả: yessss Bút to hơi khó cầm viết k ra đều mực đã vậy còn bị nhem khi viết,negative,damaged_defective
vừa gai vừa tắc mực thất vọng,negative,no_issue
"Sản phẩm: Hàng lỗi hoặc bị hư hỏng Shop có dấu hiệu làm việc thiếu đạo đức, tiền thì thật mà sao cứ giao tào lao vậy? bút thì đặt 2 cây không cây nào có bọc đầu bút, lúc khui hàng còn thấy mực lem nhem và bị bấm lên để viết rồi, ghim ghi 200 cái nhưng thiếu 6 ghim nữa mới đủ 200. QUÁ THẤT VỌNG",negative,packaging
