row_index,review_text,cleaned_review,sentiment,predicted_sentiment,prediction_confidence,is_correct,issue,matched_rules,audit_note
2055,Chất liệu: vải Màu sắc: đen Đúng với mô tả: đúng Tôi muốn hỏi là khi mô hình như là một trong những ngày trước bạn có thể làm,chất liệu vải màu sắc đen đúng với mô tả đúng tôi muốn hỏi là khi mô hình như là một trong những ngày trước bạn có thể làm,positive,positive,0.35432603519358097,True,no_issue,,
4756,Mềm dẻo: dung deo de tach Giòn: ok Cảm giác hành phi kp 100% từ hành như shop ghi ăn gần hết thấy bị sạn có vài viên sạn nhỏ tí Bánh tráng ngon mềm dẻo Sốt ngon 0:06,mềm dẻo dung deo de tach giòn ok cảm giác hành phi kp 100 từ hành như shop ghi ăn gần hết thấy bị sạn có vài viên sạn nhỏ tí bánh tráng ngon mềm dẻo sốt ngon 0 06,neutral,positive,0.35782908636878513,False,product_quality,,
2552,"Chất lượng sản phẩm: Tốt Đúng với mô tả: Đúng Nhận hàng đúng mô tả, sản phẩm giống mẫu, pin giao 100%, sạc vào pin đt, giá hợp lý, còn pin tốt hay không chưa sài nên chưa biết. Giao hàng nhanh. Gói hàng thiếu sốp dễ va đập 0:31",chất lượng san pham tốt đúng với mô tả đúng nhận hàng đúng mô tả san pham giống mẫu pin giao 100 sạc vào pin đt giá hợp lý còn pin tốt hay khong chua sài nên chua biết giao hàng nhanh gói hàng thiếu shop dễ va đập 0 31,negative,negative,0.35834695054332294,True,packaging,negative_loi_hong,
146,"Chất liệu cũng bình thuờng thôi ạ, cũng như hàng ngoài chợ ạ, hàng to hơn giá rẻ hơn, mà mua k tốn ship tiện khỏi đi mua. 0:04 1 toan17tb",chất liệu cũng bình thuờng thôi ạ cũng như hàng ngoài chợ ạ hàng to hơn giá rẻ hơn mà mua khong tốn ship tiện khỏi đi mua 0 04 1 toan17tb,neutral,negative,0.3605165393830927,False,no_issue,negative_loi_hong,neutral_but_has_clear_negative_signal
2244,Màu sắc: hồng Đúng với mô tả: chật độ co dãn ít chất vải phù hợp với giá tiền nhưng độ co dãn ít . mình mặc size s nhưng mua size về mặc lại không vừa hơi chật 0:21,màu sắc hồng đúng với mô tả chật độ co dãn ít chất vải phù hợp với giá tiền nhưng độ co dãn ít mình mặc size s nhưng mua size về mặc lại khong vừa hơi chật 0 21,negative,negative,0.3623355141815154,True,product_attribute,negative_loi_hong,
225,"Giao hàng nhanh chóng, đóng bọc cẩn thận lắm ạ, mỗi tội shop giới hạn ko cho mua nhiều hay sao ấy, mình thích màu bạc nhưg mà hết, thôi mua tạm cam, bh lên deal bạc giá tôt mua sau 0:49",giao hàng nhanh chóng đóng bọc cẩn thận lắm ạ mỗi tội shop giới hạn khong cho mua nhiều hay sao ấy mình thích màu bạc nhưg mà hết thôi mua tạm cam bh lên deal bạc giá tôt mua sau 0 49,positive,positive,0.3678112185937247,True,no_issue,negative_loi_hong,
2012,t m54 51kg nhưng vai khá rộng thấy sáng suốt chọn size XL mặc thoải mái cực ý. size L t cx mua mà bin chật nách khó chiệu. ncl ưng lắm vải co giãn mátt mê cực nhma trừ 1c là giặt máy 1 lần đã hơi xù r hic nhìn k như bdau. này phải giặt tay các bác ạ,t m54 51kg nhưng vai khá rộng thấy sáng suốt chọn size xl mặc thoải mái cực ý size l t cx mua mà bin chật nách khó chiệu ncl ưng lắm vải co giãn mátt mê cực nhma trừ 1c là giặt máy 1 lần đã hơi xù r hic nhìn khong như bdau này phải giặt tay các bác ạ,positive,negative,0.3746249899883764,False,product_quality,negative_loi_hong,
4024,"Công dụng: lam trang Dành cho da: moi loai da Mùi hương: thom de chiu Sản phẩm oke nhé mn, hình ảnh chỉ mang tính chất minh hoạ",công dụng lam trang dành cho da moi loai da mùi hương thom de chiu san pham oke nhé moi nguoi hình ảnh chỉ mang tính chất minh hoạ,positive,neutral,0.3807920600041113,False,no_issue,,
1439,Hàng quá rẻ so với chất lượng,hàng quá rẻ so với chất lượng,positive,positive,0.38225332842590065,True,no_issue,,
5008,Có sỏi trong ruốc tép hành phi. Bên cửa hàng nên cẩn thân hơn trong quá trình đóng gói,có sỏi trong ruốc tép hành phi bên cửa hàng nên cẩn thân hơn trong quá trình đóng gói,negative,negative,0.38433864073883245,True,product_quality,,
2138,Chất liệu: mềm Màu sắc: giống như trong hình ảnh Mặc vào mát không quá nóng khoải mái,chất liệu mềm màu sắc giống như trong hình ảnh mặc vào mát khong quá nóng khoải mái,positive,negative,0.38504487440398294,False,no_issue,negative_loi_hong,
3940,Dành cho da: thường Công dụng: làm trắng Mùi hương: thơmnhej ⛔️⛔️⛔️ .Ngày nào cũng đi hơn chục lọ Chắc 50 lọ vừa xg hqua ko đủ đến Lễ luôn ý chắc vẫn fai lấy hàng chuyến nữa. Nên khách ai có ý định lấy nhiều về #làm_quà dịp Lễ 2☆9 thì báo e sớm nhé ko sợ cháy hàng ko có món ngon oánh chén là tiếc lắm đấy ạ. ✅️ Thịt chua e bán 50k/lọ ✅️ Hạn sử dụng : 2 tháng chuẩn Trường Food nên khách cứ yên tâm bỏ tủ chén dần thôi này. ☎️ Ib e Ngân luôn nào.,dành cho da thường công dụng làm trắng mùi hương thơmnhej ngày nào cũng đi hơn chục lọ chắc 50 lọ vừa xg hqua khong đủ đến lễ luôn ý chắc vẫn fai lấy hàng chuyến nữa nên khách ai có ý định lấy nhiều về làm quà dịp lễ 2 9 thì báo e sớm nhé khong sợ cháy hàng khong có món ngon oánh chén là tiếc lắm đấy ạ thịt chua e bán 50k lọ hạn sử dụng 2 tháng chuẩn trường food nên khách cứ yên tâm bỏ tủ chén dần thôi này ib e ngân luôn nào,neutral,neutral,0.38559256027193056,True,spam_irrelevant,negative_loi_hong,neutral_but_has_clear_negative_signal
5537,0:15 1 thuphngg387,0 15 1 thuphngg387,neutral,negative,0.38670616446311085,False,spam_irrelevant,negative_loi_hong,neutral_but_has_clear_negative_signal
4802,Lần này mua là lần thứ 3 rồi nên k cần nhận xét nhiều về chất lượng nữa ^^ 0:06,lần này mua là lần thứ 3 rồi nên khong cần nhận xét nhiều về chất lượng nữa 0 06,neutral,negative,0.38766883844187283,False,no_issue,negative_loi_hong,neutral_but_has_clear_negative_signal
1800,"Mua áp mã các kiểu mà có 70k, chất áo đẹp chứ k bị mỏng, mình k biết chất gì nma khác hẳn so với các shop khác. Cá nhân mình ưng chất này vì có vẻ sẽ k bị dão, em mình m76 75kg mặc thử nhìn giống áo mấy ng tập gym hay mặc í chứ k bị ngắn hay kích đâu 0:13",mua áp mã các kiểu mà có 70k chất áo đẹp chứ khong bị mỏng mình khong biết chất gì nma khác hẳn so với các shop khác cá nhân mình ưng chất này vì có vẻ sẽ khong bị dão em mình m76 75kg mặc thử nhìn giống áo mấy ng tập gym hay mặc í chứ khong bị ngắn hay kích đâu 0 13,positive,positive,0.3907633716601597,True,no_issue,negative_loi_hong,
3414,Làm đẹp: son Mẹo: son Bao bì: bt Săn sale có 70ka 1 cây Màu này dễ đánh lắm Mà nhanh trôi nhanh hết sonnnnn 0:07,làm đẹp son mẹo son bao bì binh thuong săn sale có 70ka 1 cây màu này dễ đánh lắm mà nhanh trôi nhanh hết sonnnnn 0 07,positive,neutral,0.39179573099451337,False,product_quality,neutral_tam_binh_thuong;negative_loi_hong,positive_but_has_neutral_or_mixed_signal
2672,Chất lượng sản phẩm: ko Đúng với mô tả: ok Không có thời gian qua bố ik chs vs m nx đâu là mẫu xe của bạn chính xác là một biểu tượng của m cx v còn j 0:09,chất lượng san pham khong đúng với mô tả ok khong có thời gian qua bố ik chs vs m nx đâu là mẫu xe của bạn chính xác là một biểu tượng của m cx v còn j 0 09,neutral,negative,0.3925271921150654,False,spam_irrelevant,negative_loi_hong,neutral_but_has_clear_negative_signal
4979,"Hương vị: ngon Trong hủ muối ruốc lâu lâu có hột sạn, cắn trúng muốn mẻ răng luôn, nhưng vẫn ngon nha, mong shop lần sau khắc phục chuyện này.",hương vị ngon trong hủ muối ruốc lâu lâu có hột sạn cắn trúng muốn mẻ răng luôn nhưng vẫn ngon nha mong shop lần sau khắc phục chuyện này,negative,negative,0.39341989039943365,True,product_quality,negative_loi_hong,
4539,rất rễ dơi mất. mới đeo chiều sáng hôm sau đã bị dơi. nhỏ nhỏ xinh xinh,rất rễ dơi mất mới đeo chiều sáng hôm sau đã bị dơi nhỏ nhỏ xinh xinh,negative,negative,0.39633347033376026,True,product_attribute,,
581,Sảm phẩm oke giá hợp lý. Tiếc là ko cho đồng kiểm,sảm phẩm oke giá hợp lý tiếc là khong cho đồng kiểm,positive,negative,0.3992006582758535,False,no_issue,negative_loi_hong,
3805,Độ bền màu: ko bt Công dụng: chét lên mỏ hàng ok tốt shipper zô duyên nhìu chuyện mik nhờ ng nhà nhận hàng dùm ng nhà nói mik lại shipper nói mua j z r mua z chi nó con trai mua chi z -4⭐️,độ bền màu khong binh thuong công dụng chét lên mỏ hàng ok tốt shipper zô duyên nhìu chuyện mik nhờ ng nhà nhận hàng dùm ng nhà nói mik lại shipper nói mua j z r mua z chi nó con trai mua chi z 4,positive,negative,0.39934984356872416,False,shipping_delivery,neutral_tam_binh_thuong;negative_loi_hong,positive_but_has_neutral_or_mixed_signal
2973,Đúng với mô tả: z Chất lượng sản phẩm: đóng hàng cẩn thận Kính trống trộm hơi kém vẫn còn nhìn được từ 2 bên,đúng với mô tả z chất lượng san pham đóng hàng cẩn thận kính trống trộm hơi kém vẫn còn nhìn duoc từ 2 bên,neutral,neutral,0.4005519853694392,True,product_quality,,
4558,"Đúng với mô tả: uh Chất liệu: bac Màu sắc: uh Mình thà sống độc thân... Mình đi học, đi chơi, đi làm, thức khuya, lười ăn, giấu tâm sự, mình thà sống một mình chứ không dựa vào tình yêu, không dùng ai để thay thế cả... Mình phải tập chữa lành những vết thương, phải tập sống tử tế.... Mình không nỡ làm tổn thương ai cả,vì mình biết những tổn thương đó khó có thể vượt qua🖤 0:19",đúng với mô tả uh chất liệu bac màu sắc uh mình thà sống độc thân mình đi học đi chơi đi làm thức khuya lười ăn giấu tâm sự mình thà sống một mình chứ khong dựa vào tình yêu khong dùng ai để thay thế cả mình phải tập chữa lành những vết thương phải tập sống tử tế mình khong nỡ làm tổn thương ai cả vì mình biết những tổn thương đó khó có thể vượt qua 0 19,negative,negative,0.4009860120902817,True,spam_irrelevant,negative_loi_hong,spam_irrelevant_not_neutral
4860,Đúng với mô tả: khá nhỏ không bền,đúng với mô tả khá nhỏ khong bền,neutral,negative,0.40321274023991444,False,product_attribute,negative_loi_hong,neutral_but_has_clear_negative_signal
3457,Kinh nghiệm sử dụng: khong biet Lợi ích: son moi Bao bì: binh thuong Giao hàng nhanh Đóng gói cẩn thận Màu này nghe review nhiều nhưng không hợp với mình lắm Hơi trầm 0:09,kinh nghiệm sử dụng khong biet lợi ích son moi bao bì binh thuong giao hàng nhanh đóng gói cẩn thận màu này nghe review nhiều nhưng khong hợp với mình lắm hơi trầm 0 09,negative,negative,0.40409760823047947,True,product_attribute,neutral_tam_binh_thuong;negative_loi_hong,negative_may_be_mild_or_neutral
3813,Độ bền màu: tốt sau khi sử dụng sản phẩm 1 thời gian thì bị chàm môi gây ngứa và bong da 0:07,độ bền màu tốt sau khi sử dụng san pham 1 thời gian thì bị chàm môi gây ngứa và bong da 0 07,negative,neutral,0.4045209134107973,False,product_quality,,
3009,San pham chat luong kem,san pham chat luong kem,negative,positive,0.40766397780785624,False,product_quality,,
3119,"ốp mỏng dẻo, nhưng là ốp thuộc hàng lỗi",ốp mỏng dẻo nhưng là ốp thuộc hàng lỗi,negative,negative,0.408360855425921,True,product_quality,negative_loi_hong,
3977,"Công dụng: chống thâm nách Dành cho da: mọiloaij da Mùi hương: dễ chịu Mùi hương dễ chịu , nói chung mới sài nên ko biết có công dụng nhiều ko , hỳ vong mang lại kết quả tốt",công dụng chống thâm nách dành cho da mọiloaij da mùi hương dễ chịu mùi hương dễ chịu nói chung mới sài nên khong biết có công dụng nhiều khong hỳ vong mang lại kết quả tốt,positive,negative,0.4089018413942253,False,no_issue,negative_loi_hong,
3841,"Độ bền màu: good Công dụng: make color, improve mental health, highlight our lip .",độ bền màu good công dụng make color improve mental health highlight our lip,positive,neutral,0.4090308327932285,False,no_issue,,
1998,"Đúng với mô tả: 👍 Chất liệu: vải cotton Màu sắc: xám tiêu Áo đẹp vải cũng đẹp, mà chỗ cổ áo may hơi 6 á, kiểu nhìn giống bị lỗi, còn lại thì mặc lên đẹp không có gì hết á 1:01",đúng với mô tả chất liệu vải cotton màu sắc xám tiêu áo đẹp vải cũng đẹp mà chỗ cổ áo may hơi 6 á kiểu nhìn giống bị lỗi còn lại thì mặc lên đẹp khong có gì hết á 1 01,negative,positive,0.4124246010695323,False,product_quality,negative_loi_hong,
3519,Màu son rất đẹp nha. Check mã vạch thì không thấy hiện sản phẩm nên cx không biết hàng tht hay không 0:08,màu son rất đẹp nha check mã vạch thì khong thấy hiện san pham nên cx khong biết hàng tht hay khong 0 08,neutral,positive,0.4132300378683578,False,product_quality,negative_loi_hong,neutral_but_has_clear_negative_signal
2597,Dưa chuột nếp tươi ngon 10k/kg Xoài keo vàng 12k/kg E sẵn ak☺️☺️,dưa chuột nếp tươi ngon 10k kg xoài keo vàng 12k kg e sẵn ak,neutral,negative,0.4136927312392367,False,spam_irrelevant,negative_loi_hong,neutral_but_has_clear_negative_signal
3597,"Mùi hương: dịu nhẹ Phù hợp với loại da: đối với tôi là da bình thường Công dụng: sáng da nhưng phải dùng thường xuyên, cộng thêm tẩy tế bào chết nữa Mình thấy kem dưỡng da GlowCode giá khá rẻ, chất kem mỏng, dễ thấm và mùi cũng dễ chịu. Thành phần có niacinamide và chiết xuất dâu tằm nghe, vùng da thâm gần như không cải thiện, thậm chí có người còn thấy sạm hơn. Nói chung nếu mua để thử thì ok á vì giá rẻ. 0:05",mùi hương dịu nhẹ phù hợp với loại da đối với tôi là da binh thuong công dụng sáng da nhưng phải dùng thường xuyên cộng thêm tẩy tế bào chết nữa mình thấy kem dưỡng da glowcode giá khá rẻ chất kem mỏng dễ thấm và mùi cũng dễ chịu thành phần có niacinamide và chiết xuất dâu tằm nghe vùng da thâm gần như khong cải thiện thậm chí có người còn thấy sạm hơn nói chung nếu mua để thử thì ok á vì giá rẻ 0 05,positive,positive,0.41953889159539615,True,no_issue,neutral_tam_binh_thuong;negative_loi_hong,positive_but_has_neutral_or_mixed_signal
4068,Mẹo: bóp 1 ít kem bôi lên phần bị thâm Kinh nghiệm sử dụng: . Làm đẹp: da bị thâm Mùi thơm lắm nhưng mà dùng thấy k đỡ lâm lên mấy 0:04,mẹo bóp 1 ít kem bôi lên phần bị thâm kinh nghiệm sử dụng làm đẹp da bị thâm mùi thơm lắm nhưng mà dùng thấy khong đỡ lâm lên mấy 0 04,negative,neutral,0.4198356458381289,False,product_quality,negative_loi_hong,
4806,"Tui vừa giao về thì tối đó đã ăn hết luôn r nên ko có hình nhưng ăn khá ngon, nếu ăn 1 mình thì chắc đc nhiều ngày á, khá OK có thể mua lại 0:30",tui vừa giao về thì tối đó đã ăn hết luôn r nên khong có hình nhưng ăn khá ngon nếu ăn 1 mình thì chắc duoc nhiều ngày á khá ok có thể mua lại 0 30,positive,positive,0.42026657932220474,True,no_issue,negative_loi_hong,
4811,"Bánh tráng mềm, dẻo, sốt mặn mặn béo béo, nước tắc rất vừa miệng. Duy chỉ có ruốc tép là hơi mặn so với khẩu vị 0:12 0:04",bánh tráng mềm dẻo sốt mặn mặn béo béo nước tắc rất vừa miệng duy chỉ có ruốc tép là hơi mặn so với khẩu vị 0 12 0 04,positive,neutral,0.4212628239832766,False,product_quality,,
3441,"Công dụng: trang điểm môi Độ bền màu: 3/10 Màu lên môi mình bị hồng tươi quá nên trông quê lắm. Được cái giao nhanh, mùi son thơm như mùi kẹo béo vị dâu vậy. Son không bám không có lớp tint gì luôn ấy. QUAN TRỌNG son bị dính răng nhiều lắm. Trước mình dùng son lì của BR không bị dính răng bao giờ. Dùng cái này k để ý là quê xệ luôn :) 0:07",công dụng trang điểm môi độ bền màu 3 10 màu lên môi mình bị hồng tươi quá nên trông quê lắm duoc cái giao nhanh mùi son thơm như mùi kẹo béo vị dâu vậy son khong bám khong có lớp tint gì luôn ấy quan trọng son bị dính răng nhiều lắm trước mình dùng son lì của br khong bị dính răng bao giờ dùng cái này khong để ý là quê xệ luôn 0 07,negative,negative,0.4236327988263344,True,product_quality,negative_loi_hong,
3905,Độ bền màu: chê,độ bền màu chê,negative,neutral,0.42395646513146557,False,product_quality,,
3658,"Công dụng: trị thâm nách Phù hợp với loại da: all Mùi hương: thơm Đánh giá Shopee là một phần quan trọng của trải nghiệm mua sắm trực tuyến, cho phép người mua chia sẻ trải nghiệm của họ về sản phẩm và dịch vụ, và giúp người bán cải thiện chất lượng. Người mua có thể đánh giá sản phẩm và shop bằng cách chấm điểm sao và viết nhận xét, kèm theo hình ảnh hoặc video nếu muốn, và có thể chỉnh sửa đánh giá trong một khoảng thời gian nhất định. 0:06",công dụng trị thâm nách phù hợp với loại da all mùi hương thơm đánh giá shopee là một phần quan trọng của trải nghiệm mua sắm trực tuyến cho phép người mua chia sẻ trải nghiệm của họ về san pham và dịch vụ và giúp người bán cải thiện chất lượng người mua có thể đánh giá san pham và shop bằng cách chấm điểm sao và viết nhận xét kèm theo hình ảnh hoặc video nếu muốn và có thể chỉnh sửa đánh giá trong một khoảng thời gian nhất định 0 06,positive,positive,0.4253019565482047,True,no_issue,,
1497,"Hàg ok . Đã mua vài lần, phu hop giá tien. Nhah bong . Ship giao nhah 0:05",hàg ok đã mua vài lần phu hop giá tien nhah bong ship giao nhah 0 05,positive,neutral,0.4290071018766327,False,no_issue,negative_loi_hong,
4749,"Hương vị: ngonn vị bên catsky thì ngon phải biết rùi, một combo vừa đủ ăn, muối ruốc hành phi, bơ,…mọi thứ đều đậm đà nhưng vẫn ko quá mặn. Sốt tắc shop làm cũng ngon, chuẩn vị nhà làm nha. Tuy nhiên, về phần đóng gói thì sốt tắc có vẻ seal chưa được kĩ nên lúc ship tới bị đổ ra ngoài một ít, dính lên sấp bánh tráng và hũ ruốc. Mình mong shop có thể cải thiện phần này, may mình ở HCM qua ngày là nhận rồi nên không bị đổ nhiều, nếu ship xa hơn chút thì hơi nguy ạ.",hương vị ngonn vị bên catsky thì ngon phải biết rùi một combo vừa đủ ăn muối ruốc hành phi bơ mọi thứ đều đậm đà nhưng vẫn khong quá mặn sốt tắc shop làm cũng ngon chuẩn vị nhà làm nha tuy nhiên về phần đóng gói thì sốt tắc có vẻ seal chua duoc kĩ nên lúc ship tới bị đổ ra ngoài một ít dính lên sấp bánh tráng và hũ ruốc mình mong shop có thể cải thiện phần này may mình ở hcm qua ngày là nhận rồi nên khong bị đổ nhiều nếu ship xa hơn chút thì hơi nguy ạ,positive,positive,0.42938085834534595,True,packaging,negative_loi_hong,
987,"Đúng với mô tả: khá đúng Chất lượng sản phẩm: tốt Mình mua đc hai ngày cái nó xì ra ,ko làm j lủng cug xì",đúng với mô tả khá đúng chất lượng san pham tốt mình mua duoc hai ngày cái nó xì ra khong làm j lủng cug xì,negative,positive,0.42939551468435644,False,product_quality,negative_loi_hong,
5128,"Hương vị: mặn, cay Bao bì/Mẫu mã: như ảnh Đóng gói tốt, giao hàng nhanh. Đối với tôi thì món này khá mặn và cay. Hơi ít sốt bơ với người thích sốt bơ. Không biết mấy cái sợi kia là gì nên chỉ để ảnh thôi ạ. Mua để ủng hộ các bạn chó mèo mà vsatp làm mình hơi quan ngại.",hương vị mặn cay bao bì mẫu mã như ảnh đóng gói tốt giao hàng nhanh đối với tôi thì món này khá mặn và cay hơi ít sốt bơ với người thích sốt bơ khong biết mấy cái sợi kia là gì nên chỉ để ảnh thôi ạ mua để ủng hộ các bạn chó mèo mà vsatp làm mình hơi quan ngại,neutral,positive,0.4295884631899919,False,product_quality,negative_loi_hong,neutral_but_has_clear_negative_signal
5227,"Hương vị: mặn, cay Bao bì/Mẫu mã: như ảnh Đóng gói tốt, giao hàng nhanh. Đối với tôi thì món này khá mặn và cay. Hơi ít sốt bơ với người thích sốt bơ. Không biết mấy cái sợi kia là gì nên chỉ để ảnh thôi ạ. Mua để ủng hộ các bạn chó mèo mà vsatp làm mình hơi quan ngại.",hương vị mặn cay bao bì mẫu mã như ảnh đóng gói tốt giao hàng nhanh đối với tôi thì món này khá mặn và cay hơi ít sốt bơ với người thích sốt bơ khong biết mấy cái sợi kia là gì nên chỉ để ảnh thôi ạ mua để ủng hộ các bạn chó mèo mà vsatp làm mình hơi quan ngại,neutral,positive,0.4295884631899919,False,product_quality,negative_loi_hong,neutral_but_has_clear_negative_signal
1445,"Hàng có chất lượng tàm tạm , đóng gói và giao hàng khá chậm, trãi nghiệm...",hàng có chất lượng tàm tạm đóng gói và giao hàng khá chậm trãi nghiệm,neutral,negative,0.42980407587274505,False,shipping_delivery,,
3450,"shop giao nhanh,đóng gói tạm ổn nhg chắc do mk không hợp màu 23 nền bị xỉn da rùi TvT 0:34",shop giao nhanh đóng gói tạm ổn nhg chắc do mk khong hợp màu 23 nền bị xỉn da rùi tvt 0 34,negative,negative,0.4300258922790221,True,product_attribute,negative_loi_hong,
4939,"bánh tráng theo mình thấy thì hơi dai và tách ra cũng khó muối ruốc hành phi thì ngon giòn nhưng sẽ cay với những bạn k ăn đc cay bơ ngon, nhưng hơi ít nên mua thêm bơ",bánh tráng theo mình thấy thì hơi dai và tách ra cũng khó muối ruốc hành phi thì ngon giòn nhưng sẽ cay với những bạn khong ăn duoc cay bơ ngon nhưng hơi ít nên mua thêm bơ,positive,neutral,0.4308336419148443,False,product_quality,negative_loi_hong,
3776,Hhanna ghậh bbbB là một bagjjauua h. B hqhnanj nnammal ₫)1 hhqq,hhanna ghậh bbbb là một bagjjauua h b hqhnanj nnammal 1 hhqq,neutral,negative,0.43165295179466107,False,spam_irrelevant,,
4036,"Mẹo: sử dụng sau khi tắm Kinh nghiệm sử dụng: làm sạch vùng da cần thoa kem rồi mới thoa kem Lợi ích: hết thâm nách Mình sử dụng được gần 1 tháng thấy nó vẫn không cải thiện được màu da dưới cánh tay☺️mùi kem này thơm lắm nha, ship nhanh 0:06",mẹo sử dụng sau khi tắm kinh nghiệm sử dụng làm sạch vùng da cần thoa kem rồi mới thoa kem lợi ích hết thâm nách mình sử dụng duoc gần 1 tháng thấy nó vẫn khong cải thiện duoc màu da dưới cánh tay mùi kem này thơm lắm nha ship nhanh 0 06,negative,negative,0.4323855692915869,True,product_quality,negative_loi_hong,
4844,"Bao bì/Mẫu mã: Hàng vừa đưa đã bị khui rạch 1 đường Hương vị: ổn cx ngon Ăn cx ngon nhưng bị rạch 1 đường lúc vừa nhận với bánh tráng bịch 1 thì dễ tách nhưng bịch 2 tách khó cực, dính, shop hỗ trợ tốt",bao bì mẫu mã hàng vừa đưa đã bị khui rạch 1 đường hương vị ổn cx ngon ăn cx ngon nhưng bị rạch 1 đường lúc vừa nhận với bánh tráng bịch 1 thì dễ tách nhưng bịch 2 tách khó cực dính shop hỗ trợ tốt,negative,negative,0.43328548421266394,True,packaging,negative_loi_hong,
2102,dạ sốp gửi nhầm e size S nhma e mặc dc cả hai nên cũng hôg sao. Chất liệu màu sắc siêu ưng ý ạaaa.Mng rất rất rất nên mua nhaaaa,dạ shop gửi nhầm e size s nhma e mặc duoc cả hai nên cũng hôg sao chất liệu màu sắc siêu ưng ý ạaaa moi nguoi rất rất rất nên mua nhaaaa,positive,neutral,0.4339514569682595,False,product_attribute,,
2600,"Sạc to bự, nặng, cầm đi du lịch thì hơi bất tiện, sạc được nhiều lần (độ 3-4 lần sạc), có cả chân sạc type C và ip",sạc to bự nặng cầm đi du lịch thì hơi bất tiện sạc duoc nhiều lần độ 3 4 lần sạc có cả chân sạc type c và ip,neutral,negative,0.4352661322880231,False,product_attribute,,
215,"Sản phẩm có đai chun co giãn 360 độ Bubble Cloud không hằn đỏ, vách chống tràn cao, bề mặt khô thoáng với hàng triệu lỗ Micron giúp ngăn ngừa hăm tã hiệu quả, mang lại sự thoải mái và khô ráo cho bé 0:16",san pham có đai chun co giãn 360 độ bubble cloud khong hằn đỏ vách chống tràn cao bề mặt khô thoáng với hàng triệu lỗ micron giúp ngăn ngừa hăm tã hiệu quả mang lại sự thoải mái và khô ráo cho bé 0 16,neutral,positive,0.4358385866008562,False,spam_irrelevant,negative_loi_hong,neutral_but_has_clear_negative_signal
1263,10 cái móc bằng nhựa thì ukie. Nhưng mà nên bán hàng có tâm nha shop ơi 0:05,10 cái móc bằng nhựa thì ukie nhưng mà nên bán hàng có tâm nha shop ơi 0 05,neutral,negative,0.43626432633900913,False,no_issue,,
4245,"Màu sắc: trắng Chất liệu: bac Đúng với mô tả: đúng ""Có một câu nói đại loại là: khi bạn đến với thế gian này, vận mệnh cả cuộc đời của bạn đã được chính bạn xem qua và đồng ý. Vậy nên, nếu đã quyết định đến đây thì dù cho có ra sao cũng xin bạn kiên cường mà đi về phía trước. Bởi vì ở đoạn năm tháng tới chắc chắn có việc bạn cần làm, có người bạn cần gặp, có những hoàn cảnh cần được bạn giúp đỡ. Mong bạn bám lấy một phần can trường còn sót lại mà bình tâm tiến tới. Cố lên nhé.""... 0:16",màu sắc trắng chất liệu bac đúng với mô tả đúng có một câu nói đại loại là khi bạn đến với thế gian này vận mệnh cả cuộc đời của bạn đã duoc chính bạn xem qua và đồng ý vậy nên nếu đã quyết định đến đây thì dù cho có ra sao cũng xin bạn kiên cường mà đi về phía trước bởi vì ở đoạn năm tháng tới chắc chắn có việc bạn cần làm có người bạn cần gặp có những hoàn cảnh cần duoc bạn giúp đỡ mong bạn bám lấy một phần can trường còn sót lại mà bình tâm tiến tới cố lên nhé 0 16,positive,neutral,0.4364218880632349,False,no_issue,,
3875,Một hai ba bốn năm sáu bảy tám chín mười mười một mười hai mười ba,một hai ba bốn năm sáu bảy tám chín mười mười một mười hai mười ba,neutral,neutral,0.43649670132295626,True,spam_irrelevant,,
3077,Chất lượng sản phẩm: che cả loa,chất lượng san pham che cả loa,neutral,neutral,0.43755160638268137,True,product_attribute,,
5396,"Chất lượng sản phẩm: bình thường Độ tuổi sử dụng: 3_7t Bao bì/Mẫu mã: đẹp Đc mua giá seo so với thị trường rẻ hơn nhìu,xe có nhìu chỗ k đc cứng cáp,vận chuyển có vài chỗ trầy xước nhỏ,, buồn shop vì nói gửi xe có chữ jinbao,k gửi đi gửi chữ baby k think lắm, trừ shop 2 sao",chất lượng san pham binh thuong độ tuổi sử dụng 3 7t bao bì mẫu mã đẹp duoc mua giá seo so với thị trường rẻ hơn nhìu xe có nhìu chỗ khong duoc cứng cáp vận chuyển có vài chỗ trầy xước nhỏ buồn shop vì nói gửi xe có chữ jinbao khong gửi đi gửi chữ baby khong think lắm trừ shop 2 sao,neutral,neutral,0.4401097958339981,True,product_quality,neutral_tam_binh_thuong;negative_loi_hong,neutral_but_has_clear_negative_signal
2013,"Trước mắt mình bận thử thấy áo thoải mái, co dãn tốt có điều chỉ thừa hơi nhiều nha. Shop chuẩn bị cũng chu đáo, dth. 0:21",trước mắt mình bận thử thấy áo thoải mái co dãn tốt có điều chỉ thừa hơi nhiều nha shop chuẩn bị cũng chu đáo dth 0 21,positive,positive,0.4405017210482127,True,product_quality,negative_loi_hong,
3765,Độ bền màu: 5/10,độ bền màu 5 10,neutral,positive,0.44106897926782807,False,no_issue,,
768,Đúng với mô tả: ddungs vs mo tar Chất lượng sản phẩm: ổn Mk thấy quạt hơi bất tiện tắt đi lại bấm số lên lại từ đầu,đúng với mô tả ddungs vs mo tar chất lượng san pham ổn mk thấy quạt hơi bất tiện tắt đi lại bấm số lên lại từ đầu,neutral,negative,0.4444163876374118,False,product_quality,,
1515,"Công dụng: mát xa Bình Tân pass 2 máy nha, ai cần inbox shopee em",công dụng mát xa bình tân pass 2 máy nha ai cần inbox shopee em,neutral,neutral,0.44571941857969344,True,spam_irrelevant,,
3796,"Công dụng: son ben mau Độ bền màu: ben Ảnh ko giống với màu , màu 23 hồng lè giao hàng nhanh nha, đánh lên màu không được đẹp 0:07",công dụng son ben mau độ bền màu ben ảnh khong giống với màu màu 23 hồng lè giao hàng nhanh nha đánh lên màu khong duoc đẹp 0 07,negative,negative,0.4466000779996315,True,product_attribute,negative_loi_hong,
4929,Hương vị: ok Bao bì/Mẫu mã: ok Sao thấy shop ghi combo upsize có ớt rim nữa mà mình nhận lại ko có 🥲 0:05,hương vị ok bao bì mẫu mã ok sao thấy shop ghi combo upsize có ớt rim nữa mà mình nhận lại khong có 0 05,neutral,neutral,0.4483483642143202,True,wrong_missing_item,negative_loi_hong,neutral_but_has_clear_negative_signal;wrong_missing_item_not_negative
4279,Mùi hương: thơm nha Dành cho da: chắc mọi loại da Công dụng: kem dưỡng trắng Dùng thấy nó hình như đen hay s ý Mới dùng được mấy lần thấy đen nên k bôi tiếp nữa Hàng lâu Tuýp nhỏ Nhìn dễ thương Thấm cũng nhanh Có gì quay lại đánh giá sau,mùi hương thơm nha dành cho da chắc mọi loại da công dụng kem dưỡng trắng dùng thấy nó hình như đen hay s ý mới dùng duoc mấy lần thấy đen nên khong bôi tiếp nữa hàng lâu tuýp nhỏ nhìn dễ thương thấm cũng nhanh có gì quay lại đánh giá sau,neutral,neutral,0.44874323339285194,True,product_quality,negative_loi_hong,neutral_but_has_clear_negative_signal
5112,Hương vị: không ngon Bao bì/Mẫu mã: đẹp,hương vị khong ngon bao bì mẫu mã đẹp,negative,positive,0.44933875380392063,False,product_quality,negative_loi_hong,
1990,Đúng với mô tả: ddungs Chất lượng sản phẩm: đúng soham đúng nhm giặt là sẽ bị xủ linh nha mdsnjdjdjdjdjd 0:22,đúng với mô tả ddungs chất lượng san pham đúng soham đúng nhm giặt là sẽ bị xủ linh nha mdsnjdjdjdjdjd 0 22,neutral,neutral,0.4505613683454315,True,product_quality,,
4171,Đúng với mô tả: đúng nha Chất liệu: bạc Màu sắc: trắng Lần trước mua đeo mà bị rơi mất nên phải mua lại vì đeo lên tai nhỏ nhỏ rất xinh nha,đúng với mô tả đúng nha chất liệu bạc màu sắc trắng lần trước mua đeo mà bị rơi mất nên phải mua lại vì đeo lên tai nhỏ nhỏ rất xinh nha,positive,positive,0.4516698345360401,True,no_issue,,
1620,Màu sắc: mongr uwas kh nch kx dokf gc f mmt qohd eubh kn e cun rh ôq gin r dukwn chh 0:11 0:12,màu sắc mongr uwas khong nch kx dokf gc f mmt qohd eubh kn e cun rh ôq gin r dukwn chh 0 11 0 12,negative,neutral,0.45182816839374845,False,product_quality,negative_loi_hong,
4662,"Bơ béo, ko ngọt, muối ruốc hành ohi ko quá mặn, ko hôi dầu, bánh tráng dẻo. Cảm ơn Shop, Shopee và nhà vận chuyển. 0:10 1 p*****i",bơ béo khong ngọt muối ruốc hành ohi khong quá mặn khong hôi dầu bánh tráng dẻo cảm ơn shop shopee và nhà vận chuyển 0 10 1 p i,positive,positive,0.4522074645657804,True,no_issue,negative_loi_hong,
3030,Chất lượng sản phẩm: pin sac nhanh het,chất lượng san pham pin sac nhanh het,negative,neutral,0.45244395257541425,False,product_quality,,
3082,"Chất lượng sản phẩm: 1* Mới đây, mẫu xe côn tay SYM VF3i 185 đã chính thức ra mắt tại thị trường Philippines với mức giá 126.800 Peso (khoảng 53 triệu đồng), tương tự, VF3i 185 cũng đã có mặt tại Malaysia và đượ",chất lượng san pham 1 mới đây mẫu xe côn tay sym vf3i 185 đã chính thức ra mắt tại thị trường philippines với mức giá 126 800 peso khoảng 53 triệu đồng tương tự vf3i 185 cũng đã có mặt tại malaysia và đượ,neutral,positive,0.45276748268637523,False,spam_irrelevant,,
4501,gnnm,gnnm,neutral,neutral,0.4536170464381995,True,spam_irrelevant,,
4396,": Để đảm bảo an toàn cho Ví, tuyệt đối KHÔNG cung cấp OTP/mật khẩu Ví MoMo, KHÔNG cho người khác sử dụng Ví, và KHÔNG thiết lập thanh toán Ví với tài khoản của người dùng khác.",để đảm bảo an toàn cho ví tuyệt đối khong cung cấp otp mật khẩu ví momo khong cho người khác sử dụng ví và khong thiết lập thanh toán ví với tài khoản của người dùng khác,neutral,negative,0.45413235825776704,False,spam_irrelevant,negative_loi_hong,neutral_but_has_clear_negative_signal
5352,Chất lượng sản phẩm: chat lương hop vơi gia tien Bao bì/Mẫu mã: mẫu mã thì ok dóng goi can than Độ tuổi sử dụng: 3-5 tuồi thi vừa 0:08,chất lượng san pham chat lương hop vơi gia tien bao bì mẫu mã mẫu mã thì ok dóng goi can than độ tuổi sử dụng 3 5 tuồi thi vừa 0 08,positive,neutral,0.45462074327183083,False,no_issue,,
561,"SP dùng ổn, cứ tưởng là camera này có đi chuyển theo chuyển động của người nhưng k phải.",san pham dùng ổn cứ tưởng là camera này có đi chuyển theo chuyển động của người nhưng khong phải,neutral,neutral,0.4553486154844695,True,product_attribute,negative_loi_hong,neutral_but_has_clear_negative_signal
2119,"Đúng với mô tả: khá đúng Màu sắc: màu trắng Chất liệu: vải sản phẩm khá mỏng , kiểu áo giống shop tư vấn ,giao hàng khá đúng hẹn",đúng với mô tả khá đúng màu sắc màu trắng chất liệu vải san pham khá mỏng kiểu áo giống shop tư vấn giao hàng khá đúng hẹn,positive,neutral,0.4560427005280053,False,product_quality,,
5069,"Mềm dẻo: banh trang mềm dẻo nha Giòn: muoois teps hành phi siêu mặn Sản phẩm: Sản phẩm chất lượng kém Mà còn toàn là tép vụn, rất ít hành phi luôn ý Nhưng bơ ngon",mềm dẻo banh trang mềm dẻo nha giòn muoois teps hành phi siêu mặn san pham san pham chất lượng kém mà còn toàn là tép vụn rất ít hành phi luôn ý nhưng bơ ngon,negative,positive,0.4567400082122479,False,product_quality,,
5168,"Mềm dẻo: banh trang mềm dẻo nha Giòn: muoois teps hành phi siêu mặn Sản phẩm: Sản phẩm chất lượng kém Mà còn toàn là tép vụn, rất ít hành phi luôn ý Nhưng bơ ngon",mềm dẻo banh trang mềm dẻo nha giòn muoois teps hành phi siêu mặn san pham san pham chất lượng kém mà còn toàn là tép vụn rất ít hành phi luôn ý nhưng bơ ngon,negative,positive,0.4567400082122479,False,product_quality,,
1032,Bóng bơm quá tay 1 chút bị nổ luôn . Chưa chơi dk tí nào . Shop giao hàng nhanh đóng gói chắc chắn. Sản phẩm chất lượng cao,bóng bơm quá tay 1 chút bị nổ luôn chua chơi duoc tí nào shop giao hàng nhanh đóng gói chắc chắn san pham chất lượng cao,negative,negative,0.45675054042275237,True,product_quality,negative_loi_hong,
1797,"Áo phông Hàn Quốc xám tiêu mang vẻ trẻ trung, năng động và dễ kết hợp. Chất vải cotton mềm, thấm hút tốt, tạo cảm giác thoải mái cả ngày. Màu xám tiêu hiện đại, phù hợp nhiều phong cách từ giản dị đến cá tính. Thích hợp mặc đi làm, đi chơi hoặc dạo phố. 0:06",áo phông hàn quốc xám tiêu mang vẻ trẻ trung năng động và dễ kết hợp chất vải cotton mềm thấm hút tốt tạo cảm giác thoải mái cả ngày màu xám tiêu hiện đại phù hợp nhiều phong cách từ giản dị đến cá tính thích hợp mặc đi làm đi chơi hoặc dạo phố 0 06,positive,neutral,0.45728042202299224,False,no_issue,negative_loi_hong,
299,"Màn hình: màn hình sắc nét chân thật, sản phẩm chính hãng, shop tư vấn nhiệt tình",màn hình màn hình sắc nét chân thật san pham chính hãng shop tư vấn nhiệt tình,positive,positive,0.45742335886849217,True,no_issue,,
1769,"Áo ổn vs giá tiền nha mọi người ơi, vải ok không dày cũng không bị mỏng quá, đường chỉ may đẹp, áo của mình nhận cũng ít có chỉ thừa. 0:06 30 m*****2",áo ổn vs giá tiền nha moi nguoi ơi vải ok khong dày cũng khong bị mỏng quá đường chỉ may đẹp áo của mình nhận cũng ít có chỉ thừa 0 06 30 m 2,positive,positive,0.45761714719340424,True,no_issue,negative_loi_hong,
1592,Chất liệu: tốt Đúng với mô tả: hơi ngắn Màu sắc: đẹp Có bảo là có thật thì em không thích thì cứ việc mua lại của thế giới là của mình thì thấy có lẽ sẽ có những cái khác nhau mà thôi kệ,chất liệu tốt đúng với mô tả hơi ngắn màu sắc đẹp có bảo là có thật thì em khong thích thì cứ việc mua lại của thế giới là của mình thì thấy có lẽ sẽ có những cái khác nhau mà thôi kệ,negative,negative,0.45869492765635383,True,product_attribute,negative_loi_hong,
3573,"Công dụng: bôi néck Dành cho da: khong bic Mùi hương: thơm Mình nghe review nên mua về bôi thử, mong là hợp với mình. Mùi thơm lắm, nghe dịu dịu thích quãi. Mình vẫn đang trong quá trình bôi thử nên kh rõ có công dụng thật khum. 0:07 3 sm9jhw4fv3",công dụng bôi néck dành cho da khong bic mùi hương thơm mình nghe review nên mua về bôi thử mong là hợp với mình mùi thơm lắm nghe dịu dịu thích quãi mình vẫn đang trong quá trình bôi thử nên khong rõ có công dụng thật khum 0 07 3 sm9jhw4fv3,positive,positive,0.4587064059943671,True,no_issue,negative_loi_hong,
4111,Công dụng: sức Dành cho da: da tốt mạnh Mùi hương: ổn Ê bây càng sức càng thâm ấy ko tốt tý nào ai bảo tốt thì mua nha,công dụng sức dành cho da da tốt mạnh mùi hương ổn ê bây càng sức càng thâm ấy khong tốt tý nào ai bảo tốt thì mua nha,negative,positive,0.45942713702213933,False,product_quality,negative_loi_hong,
3590,"Dành cho da: thâm khuỷu tay,đầu gối hay nách Mùi hương: thơm Công dụng: dưỡng trắng Thơm từ bao bì luon á Sài mà tưởng xịt nc hoa Thấy có trắng nha 0:17 1 tradau_wlove",dành cho da thâm khuỷu tay đầu gối hay nách mùi hương thơm công dụng dưỡng trắng thơm từ bao bì luon á sài mà tưởng xịt nc hoa thấy có trắng nha 0 17 1 tradau wlove,positive,positive,0.45992664094453506,True,no_issue,negative_loi_hong,
1376,Sippee dễ thương .mọi thứ đều ok 👌nhưng cái rổ bể như vậy sao xài,sippee dễ thương mọi thứ đều ok nhưng cái rổ bể như vậy sao xài,negative,negative,0.46021738061075207,True,product_quality,,
1462,"Mùi hương: ko mùi Công dụng: máy mác sa nhẹ, cảm giác tê tê như có luồn điện, với giá cả này thì ok, nhỏ gọn đơn giản dễ sài 0:09",mùi hương khong mùi công dụng máy mác sa nhẹ cảm giác tê tê như có luồn điện với giá cả này thì ok nhỏ gọn đơn giản dễ sài 0 09,negative,neutral,0.4605847923212901,False,no_issue,negative_loi_hong,
304,"Chất lượng sản phẩm: Ổn Tính năng nổi bật: Chống ồn, thiết kế lạ, pin tốt Mới đầu xài ngon nha, vừa chống ồn vừa pin lâu mà âm thanh ngon nữa. Nhm xài được 1 tháng đang thấy có vấn đề là hơi dựt dựt với hay tự tít tắt nhạc hong hỉu sao. Nch tiền nào của nấy hui 0:09",chất lượng san pham ổn tính năng nổi bật chống ồn thiết kế lạ pin tốt mới đầu xài ngon nha vừa chống ồn vừa pin lâu mà âm thanh ngon nữa nhm xài duoc 1 tháng đang thấy có vấn đề là hơi dựt dựt với hay tự tít tắt nhạc khong hỉu sao nch tiền nào của nấy hui 0 09,negative,neutral,0.46133763355549173,False,product_quality,negative_loi_hong,
3363,"Độ bền màu: 2-3h Màu 23 thì okela khỏi bàn rùi, màu 20 đỏ trầm lên môi mình hơi có ánh tím chút nhưng cũng tạm ổn. Chất son mướt, có mùi nho khá thơm 0:31",độ bền màu 2 3h màu 23 thì okela khỏi bàn rùi màu 20 đỏ trầm lên môi mình hơi có ánh tím chút nhưng cũng tạm ổn chất son mướt có mùi nho khá thơm 0 31,neutral,neutral,0.4613712867093841,True,no_issue,,
4124,"Telling myself I won't go there Oh, but I know that I won't care Tryna wash away all the blood I've spilt This lust is a burden that we both share Two sinners can't atone from a lone prayer Souls tied, intertwined by our pride and guilt There's darkness in the distance From the way that I've been livin' But I know I can't resist it",telling myself i won t go there oh but i know that i won t care tryna wash away all the blood i ve spilt this lust is a burden that we both share two sinners can t atone from a lone prayer souls tied intertwined by our pride and guilt there s darkness in the distance from the way that i ve been livin but i know i can t resist it,neutral,neutral,0.46293536928216317,True,spam_irrelevant,negative_loi_hong,neutral_but_has_clear_negative_signal
407,"Khá là ổn trong tầm giá, đặt biệt rất là nhỏ gọn... Tuy nhiên là tai nghe bass khá nhiều, và hay bị hiện tượng nhiễu tính hiệu, cho nên là nhiều lúc nghe nhạc bị khựng khựng",khá là ổn trong tầm giá đặt biệt rất là nhỏ gọn tuy nhiên là tai nghe bass khá nhiều và hay bị hiện tượng nhiễu tính hiệu cho nên là nhiều lúc nghe nhạc bị khựng khựng,neutral,neutral,0.4645411244699602,True,product_quality,,
4361,Ship nhanh đóng gói siêu cẩn thận và chỉnh chu luôn ở ngoài còn có thêm cái hộp giấy nữa nma phần đầu mài ch kĩ lắm 0:05,ship nhanh đóng gói siêu cẩn thận và chỉnh chu luôn ở ngoài còn có thêm cái hộp giấy nữa nma phần đầu mài ch kĩ lắm 0 05,neutral,positive,0.4646922603444148,False,product_quality,negative_loi_hong,neutral_but_has_clear_negative_signal
2018,"Màu sắc: đen Đúng với mô tả: ôm dáng Áo ôm dáng đỉnh, áo bị hơi ngắn vs ra nhiều bụi vải nha🤧 0:13",màu sắc đen đúng với mô tả ôm dáng áo ôm dáng đỉnh áo bị hơi ngắn vs ra nhiều bụi vải nha 0 13,positive,positive,0.4657719558821728,True,product_quality,,
4344,Khuyên này mình đeo tầm một tuần là nó ra màu vậy á. Mình mua đeo vui thì được nha 0:06,khuyên này mình đeo tầm một tuần là nó ra màu vậy á mình mua đeo vui thì duoc nha 0 06,negative,negative,0.46641345679915736,True,product_quality,negative_loi_hong,
1260,Mua 10 cái được tặng 1 cái. Đã mua 2 lần lần đầu sử dụng rất OK. Gắn 3 cây chỗi vẫn chịu được. Lần này sử dụng mới biết 0:03,mua 10 cái duoc tặng 1 cái đã mua 2 lần lần đầu sử dụng rất ok gắn 3 cây chỗi vẫn chịu duoc lần này sử dụng mới biết 0 03,neutral,positive,0.46951348403182513,False,no_issue,,
5221,"Bánh tráng dẻo ngon, đóng gói cẩn thận. Mình đánh giá nhưng không nhận được quà đâu mọi người ơi",bánh tráng dẻo ngon đóng gói cẩn thận mình đánh giá nhưng khong nhận duoc quà đâu moi nguoi ơi,positive,positive,0.46999549208687846,True,seller_service,negative_loi_hong,
5122,"Bánh tráng dẻo ngon, đóng gói cẩn thận. Mình đánh giá nhưng không nhận được quà đâu mọi người ơi",bánh tráng dẻo ngon đóng gói cẩn thận mình đánh giá nhưng khong nhận duoc quà đâu moi nguoi ơi,positive,positive,0.46999549208687846,True,seller_service,negative_loi_hong,
2634,Đúng với mô tả: đúng Đúng,đúng với mô tả đúng đúng,positive,positive,0.4704337629663599,True,no_issue,,
4797,Mềm dẻo: deo dai Giòn: gion Bánh tráng dẻo nhưng hơi dai nha. Toping tóp mỡ giòn. Tép khô thì hơi mặn. Kem bơ thì ngậy nhưng ko có vị. Tổng kết là ăn vui miệng nhưng mỏi miệng vì hơi dai. Mình mua lẻ thêm 1 lọ tóp mỡ to mới ăn đủ. Cho hơi nhiều tép khô là mặn nha. Ăn vui cho biết 0:09,mềm dẻo deo dai giòn gion bánh tráng dẻo nhưng hơi dai nha toping tóp mỡ giòn tép khô thì hơi mặn kem bơ thì ngậy nhưng khong có vị tổng kết là ăn vui miệng nhưng mỏi miệng vì hơi dai mình mua lẻ thêm 1 lọ tóp mỡ to mới ăn đủ cho hơi nhiều tép khô là mặn nha ăn vui cho biết 0 09,neutral,positive,0.4719658209552803,False,product_quality,negative_loi_hong,neutral_but_has_clear_negative_signal
1557,Máy dùng ok nma lúc mới dùng ko quen nó giật cho ting ng luôn . Mn dùng thì lên làm quen dần,máy dùng ok nma lúc mới dùng khong quen nó giật cho ting ng luôn moi nguoi dùng thì lên làm quen dần,neutral,negative,0.47219627842110395,False,product_quality,negative_loi_hong,neutral_but_has_clear_negative_signal
1339,"Giao đủ hàng, ship sớm hơn dự kiến, gói cẩn thận, tuỳ hàng hơi cũ một chút nhưng OK ko vấn đề gì",giao đủ hàng ship sớm hơn dự kiến gói cẩn thận tuỳ hàng hơi cũ một chút nhưng ok khong vấn đề gì,positive,positive,0.473774781634452,True,no_issue,negative_loi_hong,
4430,Lợi ích: giảm thâm Hương thơm: hoa dịu nhẹ Kinh nghiệm sử dụng: chưa bt trời mình ko bt hàng loại j nhưng càng sày càng thâm nha 0:56,lợi ích giảm thâm hương thơm hoa dịu nhẹ kinh nghiệm sử dụng chua binh thuong trời mình khong binh thuong hàng loại j nhưng càng sày càng thâm nha 0 56,negative,neutral,0.47420410400372764,False,product_quality,neutral_tam_binh_thuong;negative_loi_hong,negative_may_be_mild_or_neutral
617,Đóng gói ẩu. Hàng gãy dâu. Máy là lắp lại vẫn ok,đóng gói ẩu hàng gãy dâu máy là lắp lại vẫn ok,negative,negative,0.4754491825395188,True,packaging,,
3423,"Công dụng: tô môi Độ bền màu: ăn cái bánh hết son Mùi thơm , màu đáng iu, hơi hồng, dành cho bạn trẻ nha. Tui già nhìn nó cà hẩy cà hẩy sao ấy. Chung quy vẫn xinh. Qánh lên môi hồng qá sức hồng, thành ra..... 4 sao hoyyyyyyyyyyyyyyyyyyyyyyyyyyyyyyyyyyyyyy. 0:07",công dụng tô môi độ bền màu ăn cái bánh hết son mùi thơm màu đáng iu hơi hồng dành cho bạn trẻ nha tui già nhìn nó cà hẩy cà hẩy sao ấy chung quy vẫn xinh qánh lên môi hồng qá sức hồng thành ra 4 sao hoyyyyyyyyyyyyyyyyyyyyyyyyyyyyyyyyyyyyyy 0 07,positive,positive,0.47672374454133565,True,no_issue,negative_loi_hong,
2015,"áo xinh lắm mn ơi, nma vải hơi mỏng nha kh muốn bị lộ thì mặc màu đen ấyy hack eo cực nha cổ tim thích hợp với mấy bà tam giác ngược giống tui đó chất vải co dãn shipper nhiệt tình, keo lì tái châu, áo cũng rẻ kh biết mặc được bao lâu nma nthe cũng ổn rồi 😋😋😋😋😋😋😋😋😋😋 0:12 1 beautiful_manoke",áo xinh lắm moi nguoi ơi nma vải hơi mỏng nha khong muốn bị lộ thì mặc màu đen ấyy hack eo cực nha cổ tim thích hợp với mấy bà tam giác ngược giống tui đó chất vải co dãn shipper nhiệt tình keo lì tái châu áo cũng rẻ khong biết mặc duoc bao lâu nma nthe cũng ổn rồi 0 12 1 beautiful manoke,positive,neutral,0.4785765898415791,False,product_quality,negative_loi_hong,
3072,Giao nhanh và đóng gói kĩ. Nhưng mình lại vẫn thấy chẳng chống trộm gì cả @@. Làm theo hướng dẫn nma màn hình vẫn bị loang lỗ hic,giao nhanh và đóng gói kĩ nhưng mình lại vẫn thấy chẳng chống trộm gì cả làm theo hướng dẫn nma màn hình vẫn bị loang lỗ hic,negative,neutral,0.4792399435114118,False,product_quality,,
1144,Để đây va ko muốn nói gì thêm... trc khi đánh giá cũng ib zl cho shop 3ngay ma chưa thấy phản hồi 0:14,để đây va khong muốn nói gì thêm trc khi đánh giá cũng ib zl cho shop 3ngay ma chua thấy phản hồi 0 14,negative,neutral,0.4799743337977098,False,seller_service,negative_loi_hong,
4292,Phù hợp với loại da: Bth Mùi hương: thom Công dụng: tui Sài bị thâm Hộp bé xíu xiu à Ý là c đã khó nhưncũng không ngờ luôn,phù hợp với loại da binh thuong mùi hương thom công dụng tui sài bị thâm hộp bé xíu xiu à ý là c đã khó nhưncũng khong ngờ luôn,negative,negative,0.4801849924564475,True,product_quality,neutral_tam_binh_thuong;negative_loi_hong,negative_may_be_mild_or_neutral
264,"Ta nói shop giao hàng nhanh lắm luôn ý đặt hôm qua này đã nhận được hàng rồi ,màu xanh này có vẻ nhạt hơn so với mk nghĩ nhưng mk lại thích v hơn ,ảnh mk chụp lúc quay video bốc hàng luôn nên chưa bóc seal nè đỉnh lắm nhé 0:08",ta nói shop giao hàng nhanh lắm luôn ý đặt hôm qua này đã nhận duoc hàng rồi màu xanh này có vẻ nhạt hơn so với mk nghĩ nhưng mk lại thích v hơn ảnh mk chụp lúc quay video bốc hàng luôn nên chua bóc seal nè đỉnh lắm nhé 0 08,positive,neutral,0.4806626615195506,False,no_issue,negative_loi_hong,
5395,Xe lắp vào ok nhưng shop đóng gói hàng nêm chú ý tách riêng ra như những shop khác dễ lắp ráp hơn. Hắn dính đùm lại mà cũng ko có tờ hướng dẫn sử dụng,xe lắp vào ok nhưng shop đóng gói hàng nêm chú ý tách riêng ra như những shop khác dễ lắp ráp hơn hắn dính đùm lại mà cũng khong có tờ hướng dẫn sử dụng,neutral,negative,0.4807156349929596,False,packaging,negative_loi_hong,neutral_but_has_clear_negative_signal
713,Tính năng nổi bật: ok Đúng với mô tả: ok Chất lượng sản phẩm: quạt thì ok nhưng củ sạc bị gãy đầu chui chui sạc bị gãy,tính năng nổi bật ok đúng với mô tả ok chất lượng san pham quạt thì ok nhưng củ sạc bị gãy đầu chui chui sạc bị gãy,positive,neutral,0.4813582607732121,False,product_quality,negative_loi_hong,
289,"Uy tín, giao hàng nhanh, bọc hàng kỹ. Đặ htrc mà hsau nhận đc luôn rồi 0:07",uy tín giao hàng nhanh bọc hàng kỹ đặ htrc mà hsau nhận duoc luôn rồi 0 07,neutral,positive,0.48189968400803834,False,no_issue,,
2718,shop gói hàng kĩ và giao hàng siêu nhanh . giao đúng loại mà mình chọn . dc tặng nhiều cái linh tinh . giá rẻ hơn những chỗ khác 0:05 1 tunonguyen92,shop gói hàng kĩ và giao hàng siêu nhanh giao đúng loại mà mình chọn duoc tặng nhiều cái linh tinh giá rẻ hơn những chỗ khác 0 05 1 tunonguyen92,positive,neutral,0.48220971189589906,False,no_issue,,
5422,"Chất lượng sản phẩm: okla Độ tuổi sử dụng: trẻ con Bao bì/Mẫu mã: tạm Hình ảnh mang tính chất tham khảo nhận xu thôi.gửi hàng ko kiểm tra ốc vít,thiếu tùm lum .nt shop ko gửi bù cho mình.tự nhiên mắc thêm tiền mua ốc vít.v săn sale có ý nghĩa gì 0:06",chất lượng san pham okla độ tuổi sử dụng trẻ con bao bì mẫu mã tạm hình ảnh mang tính chất tham khảo nhận xu thôi gửi hàng khong kiểm tra ốc vít thiếu tùm lum nt shop khong gửi bù cho mình tự nhiên mắc thêm tiền mua ốc vít v săn sale có ý nghĩa gì 0 06,negative,neutral,0.4823075986104992,False,wrong_missing_item,negative_loi_hong,
3697,Đóng gói cần thận nhưng chất lượng không như quảng cáo 2/10 như miêu tả nhé. Ai mua nên cân nhắc 0:04,đóng gói cần thận nhưng chất lượng khong như quảng cáo 2 10 như miêu tả nhé ai mua nên cân nhắc 0 04,negative,negative,0.48284145266522155,True,product_attribute,negative_loi_hong,
587,"Sản phẩm dùng tốt so với tầm giá, chất lượng hình du ng f được",san pham dùng tốt so với tầm giá chất lượng hình du ng f duoc,neutral,positive,0.4835377040226333,False,no_issue,,
3367,"Mình phải thừa nhận màu lên môi mình rất là xinh nha, nhẹ nhàng tươi tắn đúng chất my lip but butter nma nma nma cực kì nhanh trôiiii, trời ơi uống có tí nước trôi hết sạch, khócccc 0:08",mình phải thừa nhận màu lên môi mình rất là xinh nha nhẹ nhàng tươi tắn đúng chất my lip but butter nma nma nma cực kì nhanh trôiiii trời ơi uống có tí nước trôi hết sạch khócccc 0 08,positive,positive,0.48398371985226823,True,no_issue,,
2193,"hmmmm mơi mặc dc 1 lan thi đã rách, noi chung tiennao cua day, chac t xui nen bị ao rach, giặt 5 lần vẫn có lông nha,mặc thi bị dính lên người ấy",hmmmm mơi mặc duoc 1 lan thi đã rách noi chung tiennao cua day chac t xui nen bị ao rach giặt 5 lần vẫn có lông nha mặc thi bị dính lên người ấy,negative,neutral,0.4844543699152429,False,product_quality,negative_loi_hong,
4774,Hương vị: 3 chai bow 2 hũ bơ muối béo 1 ruốc hành phi 1 hũ tóp mỡ 2 bịch bánh tráng 0:10,hương vị 3 chai bow 2 hũ bơ muối béo 1 ruốc hành phi 1 hũ tóp mỡ 2 bịch bánh tráng 0 10,negative,negative,0.4846830639792148,True,no_issue,,
614,"Chất lượng test thử tạm thời ok , giao hàng quá là lâu nên cho 4* thôi",chất lượng test thử tạm thời ok giao hàng quá là lâu nên cho 4 thôi,neutral,neutral,0.4858140482884022,True,shipping_delivery,,
3145,"Lợi ích: trang trí mỏ xinh Màu ở ảnh sát với màu nhìn bên ngoài hơn là video đó mng. Em 23 này thì mùi giống hệt chupachup vị dâu sữa. Da mình ngăm thiên vàng, son lên hồng hơn bình thường 0:07",lợi ích trang trí mỏ xinh màu ở ảnh sát với màu nhìn bên ngoài hơn là video đó moi nguoi em 23 này thì mùi giống hệt chupachup vị dâu sữa da mình ngăm thiên vàng son lên hồng hơn binh thuong 0 07,positive,positive,0.4872268688758127,True,no_issue,neutral_tam_binh_thuong;negative_loi_hong,positive_but_has_neutral_or_mixed_signal
1661,Đúng với mô tả: ok Chất lượng sản phẩm: ok Bút viết đẹp lắm mình sẽ không ủng hộ nữa vì quá sợ hãi rồi mk đặt thấy kiểu mang về là một hộp ai ngờ giao về 1 cái bút mà tận 40k may có mã ko là 50k sợ rồi lên lần sau sẽ ko mua nữa chú í trước khi mua nhé,đúng với mô tả ok chất lượng san pham ok bút viết đẹp lắm mình sẽ khong ủng hộ nữa vì quá sợ hãi rồi mk đặt thấy kiểu mang về là một hộp ai ngờ giao về 1 cái bút mà tận 40k may có mã khong là 50k sợ rồi lên lần sau sẽ khong mua nữa chú í trước khi mua nhé,negative,negative,0.48912004447118757,True,product_attribute,negative_loi_hong,
1455,Hơi nhỏ hơn lần trước mình giao,hơi nhỏ hơn lần trước mình giao,neutral,negative,0.4899228156455729,False,product_attribute,,
3976,Bao bì: đơn giản Kinh nghiệm sử dụng: 2 lần 1 ngày Dùng được gần tháng cảm giác như không có tác dụng. 0:04,bao bì đơn giản kinh nghiệm sử dụng 2 lần 1 ngày dùng duoc gần tháng cảm giác như khong có tác dụng 0 04,negative,neutral,0.4900333657710726,False,product_quality,negative_loi_hong,
4370,"Giao nhanh, đúng mẫu, đóng gói ok, tư vấn nhiệt tình, bạc chất lượng đó, nhưng mà loại này ko có chuôi giữ sau tai, mình mới đeo 3 ngày rớt mất tiêu huhu",giao nhanh đúng mẫu đóng gói ok tư vấn nhiệt tình bạc chất lượng đó nhưng mà loại này khong có chuôi giữ sau tai mình mới đeo 3 ngày rớt mất tiêu huhu,negative,negative,0.490160891018768,True,product_attribute,negative_loi_hong,
2456,Đặt màu xám nhưng shop giao màu đen,đặt màu xám nhưng shop giao màu đen,negative,negative,0.49144483457525295,True,product_attribute,,
3648,Công dụng: giảm thâm Phù hợp với loại da: mọi loại da Mùi hương: nhẹ Chưa dùng chưa biết kết quả. Giao hàng cũng nhanh . Giá cả ổn nếu dùng sẽ tiếp tục ủng hộ shop 0:08,công dụng giảm thâm phù hợp với loại da mọi loại da mùi hương nhẹ chua dùng chua biết kết quả giao hàng cũng nhanh giá cả ổn nếu dùng sẽ tiếp tục ủng hộ shop 0 08,neutral,neutral,0.4919027842927243,True,no_issue,negative_loi_hong,neutral_but_has_clear_negative_signal
2432,T k is a great friend to have a family party and a friend who has a,t khong is a great friend to have a family party and a friend who has a,neutral,neutral,0.4931258302036656,True,spam_irrelevant,negative_loi_hong,neutral_but_has_clear_negative_signal
2652,Đúng với mô tả: 7/10 Chất lượng sản phẩm: k ổn lắm Sạc nửa ngày dc 75% pin. Khá to nặng. Hơi tiếc tiền khi mua 0:04,đúng với mô tả 7 10 chất lượng san pham khong ổn lắm sạc nửa ngày duoc 75 pin khá to nặng hơi tiếc tiền khi mua 0 04,negative,negative,0.49338004684478154,True,product_quality,negative_loi_hong,
2351,"Áo sau 2-3 lần mik mặc thì bị thế này, đúng là chấm hỏi, áo thì mặc form ngắn",áo sau 2 3 lần mik mặc thì bị thế này đúng là chấm hỏi áo thì mặc form ngắn,negative,negative,0.49339314621634267,True,product_quality,,
4820,"Đặt chiều 19/2 - ng bán giao hàng cho bên vận chuyển 20/2 - shopee giao hàng ngày 21/2 (thời gian vận chuyển tại địa chỉ nội thành HCM) Đóng gói nguyên vẹn, vị của từng sản phẩm theo hướng hơi ngọt. Ruốc và hành phi giòn, thơm, bể nhiều. Bơ béo, màu nhạt nhạt, hơi ít so với lượng bánh tráng. Bánh tráng dẻo, hơi dày nên cắn dễ ảnh hưởng tới răng, khuyến cáo ng nào răng yếu thì nên ngậm 1 hồi, hẵng nhai.",đặt chiều 19 2 ng bán giao hàng cho bên vận chuyển 20 2 shopee giao hàng ngày 21 2 thời gian vận chuyển tại địa chỉ nội thành hcm đóng gói nguyên vẹn vị của từng san pham theo hướng hơi ngọt ruốc và hành phi giòn thơm bể nhiều bơ béo màu nhạt nhạt hơi ít so với lượng bánh tráng bánh tráng dẻo hơi dày nên cắn dễ ảnh hưởng tới răng khuyến cáo ng nào răng yếu thì nên ngậm 1 hồi hẵng nhai,positive,positive,0.49409584955882685,True,product_attribute,negative_loi_hong,
4097,"giao hàng ổn, đóng gói ổn, mình thấy mng khen tốt lắm, xài mới 1 tuần mà sáng hẳn lên, riêng mình thì không, nó thâm và sạm thêm nhe, mà mình lỡ mua thêm 1 tuýp rồi, không biết phải làm sao nữa, cơ địa mình không bị thâm nma xài xong bị thâm thêm ă, hình ảnh và video chỉ mang tính chất nhận xu",giao hàng ổn đóng gói ổn mình thấy moi nguoi khen tốt lắm xài mới 1 tuần mà sáng hẳn lên riêng mình thì khong nó thâm và sạm thêm nhe mà mình lỡ mua thêm 1 tuýp rồi khong biết phải làm sao nữa cơ địa mình khong bị thâm nma xài xong bị thâm thêm ă hình ảnh và video chỉ mang tính chất nhận xu,negative,neutral,0.4951709722091598,False,product_quality,negative_loi_hong,
662,Độ mạnh: trung bình thôi vì có 2 nấc. Nấc 2 mát nhưng nấc 1 quá nhẹ. Chỉ dùng nấc 2 pin nhanh hết lắm Thời lượng pin: pin đặt loại 20 cell 1 cục nhưng shop gửi 2 cục 10 cell Chất liệu: tạm ổn. Bulong cố định thân quạt vao đế bị rời nhưng xoáy lại được. So với tầm giá có quạt rẻ hơn nhưng tốt hơn sp này. Do lỡ việc không kịp trả hàng trong thgian nên dùng tạm phải sạc 2 lần pin 10 cell 0:12 0:18,độ mạnh trung bình thôi vì có 2 nấc nấc 2 mát nhưng nấc 1 quá nhẹ chỉ dùng nấc 2 pin nhanh hết lắm thời lượng pin pin đặt loại 20 cell 1 cục nhưng shop gửi 2 cục 10 cell chất liệu tạm ổn bulong cố định thân quạt vao đế bị rời nhưng xoáy lại duoc so với tầm giá có quạt rẻ hơn nhưng tốt hơn san pham này do lỡ việc khong kịp trả hàng trong thgian nên dùng tạm phải sạc 2 lần pin 10 cell 0 12 0 18,negative,neutral,0.49557787226505,False,product_quality,negative_loi_hong,
4328,Hàng cận date,hàng cận date,neutral,neutral,0.49573503656790463,True,product_attribute,,
1929,"Áo đẹp . Đường may chắc ko có chỉ thừa, vải ko dày ko mỏng mặc mắc , chất vải mền nên mặc vào hoi rũ, nhưng với mức quá này thì quá oke cho 1 con áo Nhưng mà shop giao sai mẫu cho mình huhuu 0:06",áo đẹp đường may chắc khong có chỉ thừa vải khong dày khong mỏng mặc mắc chất vải mền nên mặc vào hoi rũ nhưng với mức quá này thì quá oke cho 1 con áo nhưng mà shop giao sai mẫu cho mình huhuu 0 06,negative,negative,0.496371302157612,True,product_attribute,negative_sai_khac;negative_loi_hong,
2272,Mình có hỏi shop để tư vấn size mà về mặc bị rộng mặc như babytee mà vải mỏng nên form áo rất xấu,mình có hỏi shop để tư vấn size mà về mặc bị rộng mặc như babytee mà vải mỏng nên form áo rất xấu,negative,negative,0.49723905736419355,True,product_quality,,
4914,Quá nhỏ không biết phải đeo như thế nào luôn,quá nhỏ khong biết phải đeo như thế nào luôn,neutral,neutral,0.4973117813553321,True,product_attribute,negative_loi_hong,neutral_but_has_clear_negative_signal
2195,áo ok nma vải mỏng thiệt tình là vải shop này k ưng nha mua 2 cái k ưng hết cả 2,áo ok nma vải mỏng thiệt tình là vải shop này khong ưng nha mua 2 cái khong ưng hết cả 2,negative,negative,0.4976256736377443,True,product_quality,negative_loi_hong,
2154,"Màu sắc: ok Đúng với mô tả: ok Chất liệu: ok chất lượng k đổng đêfu, cùng 1 size mà màu đỏ ngắn rõ so với màu xanh. T thì thích mặc dài nên k thich lắm",màu sắc ok đúng với mô tả ok chất liệu ok chất lượng khong đổng đêfu cùng 1 size mà màu đỏ ngắn rõ so với màu xanh t thì thích mặc dài nên khong thich lắm,negative,positive,0.4991494350598906,False,product_attribute,negative_loi_hong,
2492,chât lượng kem . Moi mua dc 2 tuan đã hỏng rồi 0:11 1 jx12fsp6q2,chât lượng kem moi mua duoc 2 tuan đã hỏng rồi 0 11 1 jx12fsp6q2,negative,negative,0.4992923021224568,True,product_quality,,
4926,"Hương vị: ngon Bao bì/Mẫu mã: ổn Mình thấy muối béo chỉ có nửa hủ, tép ruốc thì kh đầy lắm, mà bánh tráng ăn cx ổn",hương vị ngon bao bì mẫu mã ổn mình thấy muối béo chỉ có nửa hủ tép ruốc thì khong đầy lắm mà bánh tráng ăn cx ổn,negative,negative,0.49977246713502993,True,product_attribute,negative_loi_hong,
3403,"Công dụng: son moi Độ bền màu: k quá lâu Màu 21 pha giữa chút hồng và đỏ nhưng nghiêng về đỏ nhiều hơn nhe, khá hợp da ngăm nhma k nên đánh full lòng môi, quên mất là mùi siêu thơmmmm nheeee 0:06",công dụng son moi độ bền màu khong quá lâu màu 21 pha giữa chút hồng và đỏ nhưng nghiêng về đỏ nhiều hơn nhe khá hợp da ngăm nhma khong nên đánh full lòng môi quên mất là mùi siêu thơmmmm nheeee 0 06,negative,negative,0.4998998646219157,True,no_issue,negative_loi_hong,
2203,Chất liệu: vair Màu sắc: đỏ mận Áo nhiều chỉ thừa Vải cũng mỏng mỏng Giá tiền … Nói chung độ hoàn thiện chưa tốt lắm,chất liệu vair màu sắc đỏ mận áo nhiều chỉ thừa vải cũng mỏng mỏng giá tiền nói chung độ hoàn thiện chua tốt lắm,negative,neutral,0.5002949179069819,False,product_quality,negative_loi_hong,
4087,"Công dụng: tri tham dau goi khuy tay Dành cho da: kbt Mùi hương: thơm bết, dính, khó tán, có nâng tone, ch dùng lâu kbt có trị đc thâm kh nhm k mua lại lần 2",công dụng tri tham dau goi khuy tay dành cho da kbt mùi hương thơm bết dính khó tán có nâng tone ch dùng lâu kbt có trị duoc thâm khong nhm khong mua lại lần 2,negative,negative,0.5013852524626422,True,product_quality,negative_loi_hong,
3927,Lợi ích: chưa trải nghiệm nên chưa bik Hương thơm: Thơm nhẹ không mùi quá Đóng gói kĩ giao hàng nhanh sản phẩm ổn không hay cơ làm sáng da không thì phải tria nghiệm ms biết nếu sáng thì ủng hộ tiếp 0:22,lợi ích chua trải nghiệm nên chua bik hương thơm thơm nhẹ khong mùi quá đóng gói kĩ giao hàng nhanh san pham ổn khong hay cơ làm sáng da khong thì phải tria nghiệm ms biết nếu sáng thì ủng hộ tiếp 0 22,negative,positive,0.503352765512168,False,no_issue,negative_loi_hong,
5360,"Giao hàng nhanh, sp bị vết méo phần ghế ngồi, không được cứng cáp nhưng thôi giá 580k thì sử dụng tạm vì lười trả hàng 0:12",giao hàng nhanh san pham bị vết méo phần ghế ngồi khong duoc cứng cáp nhưng thôi giá 580k thì sử dụng tạm vì lười trả hàng 0 12,negative,neutral,0.5033844797199676,False,product_quality,negative_loi_hong,
1288,"Chuẩn bị hàng nhanh, móc nhựa dáng tường mỏng manh không biết có chịu được lực 10kg như giới thiệu. 0:42",chuẩn bị hàng nhanh móc nhựa dáng tường mỏng manh khong biết có chịu duoc lực 10kg như giới thiệu 0 42,negative,negative,0.5034527075310986,True,product_quality,negative_loi_hong,
4999,"Bánh tráng quá cứng ạ, lọ hành phi thì quá cay, bơ oke nhất mà vẫn có vị mặn 0:17 1 nguyenbaongoc25_09",bánh tráng quá cứng ạ lọ hành phi thì quá cay bơ oke nhất mà vẫn có vị mặn 0 17 1 nguyenbaongoc25 09,negative,negative,0.5036663617069204,True,product_quality,,
4921,"Bao bì/Mẫu mã: Bao bì đẹp, chỉnh chu Sản phẩm như hình ảnh minh hoạ, đóng gói sản phẩm chắc chắn, chất lượng sản hơi kém. Tớ mua lần thứ 2, lần đầu sản phẩm rất tốt tuy nhiên lần 2 này ruốc sạn nhiều, hành phi nhiều tép ít hơi thất vọng nhưng thiết kế thuận tiện, dễ bảo quản. 0:21",bao bì mẫu mã bao bì đẹp chỉnh chu san pham như hình ảnh minh hoạ đóng gói san pham chắc chắn chất lượng sản hơi kém tớ mua lần thứ 2 lần đầu san pham rất tốt tuy nhiên lần 2 này ruốc sạn nhiều hành phi nhiều tép ít hơi thất vọng nhưng thiết kế thuận tiện dễ bảo quản 0 21,negative,negative,0.5040567386793451,True,product_quality,negative_loi_hong,
2421,Đúng với mô tả: giao hàng sai kích thước hazzz 1 namvo205,đúng với mô tả giao hàng sai kích thước hazzz 1 namvo205,negative,negative,0.5044772916891831,True,product_attribute,negative_loi_hong,
4228,"Nhỏ xíu xìu xiu Bông tròn đầu chui rất là nhỏ luôn, dễ tuột Bông đá 2mm thì chui to hơn, đeo chắc Giao hàng nhanh 0:07",nhỏ xíu xìu xiu bông tròn đầu chui rất là nhỏ luôn dễ tuột bông đá 2mm thì chui to hơn đeo chắc giao hàng nhanh 0 07,negative,negative,0.505119112854596,True,product_attribute,negative_loi_hong,
959,"Vải nồi tưởng là cục tạ, ai ngờ đâu chỉ là cái vỏ, h bt bỏ gì vào để đc 2kg đây? Nắp tạ thì lỏng",vải nồi tưởng là cục tạ ai ngờ đâu chỉ là cái vỏ h binh thuong bỏ gì vào để duoc 2kg đây nắp tạ thì lỏng,negative,negative,0.5062064512322653,True,product_attribute,neutral_tam_binh_thuong;negative_loi_hong,negative_may_be_mild_or_neutral
5263,"Xe đạp trẻ em 2-7 tuổi Youmiđược thiết kế kiểu dáng mạnh mẽ nhưng nhỏ gọn, thích hợp cho bé dưới 45 kí, xe hoạt động tốt nhất với bé 15-20 kg, hoặc từ 2 đến 6 tuổi tùy số inch, chế độ tự lái bằng bàn đạp, giúp bé năng động hơn chơi vui hơn 2 p*****3",xe đạp trẻ em 2 7 tuổi youmiđược thiết kế kiểu dáng mạnh mẽ nhưng nhỏ gọn thích hợp cho bé dưới 45 kí xe hoạt động tốt nhất với bé 15 20 kg hoặc từ 2 đến 6 tuổi tùy số inch chế độ tự lái bằng bàn đạp giúp bé năng động hơn chơi vui hơn 2 p 3,positive,positive,0.5062177075659662,True,no_issue,,
3503,Gói hàng rất cẩn thận. Giao hảng cũng nhanh nữa. Sẽ quay lại mua màu khác 0:05,gói hàng rất cẩn thận giao hảng cũng nhanh nữa sẽ quay lại mua màu khác 0 05,positive,neutral,0.5071452061121787,False,no_issue,,
3644,"Mùi hương: thơm dịu Dành cho da: Mọi loại Công dụng: giảm thâm Ê nên mua nha mí bà, mùi thơm dịu, bôi lên da có cảm giác mát mát á, cái vỏ cũng xinh nữa, mới mua lần đầu nên cux chưa biết dùng có hiệu quả ko mà thấy bảo có nhiều người tin dùng lắm 0:11",mùi hương thơm dịu dành cho da mọi loại công dụng giảm thâm ê nên mua nha mí bà mùi thơm dịu bôi lên da có cảm giác mát mát á cái vỏ cũng xinh nữa mới mua lần đầu nên cux chua biết dùng có hiệu quả khong mà thấy bảo có nhiều người tin dùng lắm 0 11,neutral,positive,0.5074949923192924,False,no_issue,negative_loi_hong,neutral_but_has_clear_negative_signal
1622,dễ rách nhưng dùng tạm ổn,dễ rách nhưng dùng tạm ổn,negative,negative,0.5080042092989473,True,product_quality,,
720,Chất lượng sản phẩm: ồn và kêu như máy cày,chất lượng san pham ồn và kêu như máy cày,negative,negative,0.5085742296074148,True,product_quality,,
3861,tone lạnh có che khuyết điểm trước tô nhưng nó lạ lắm 🥹,tone lạnh có che khuyết điểm trước tô nhưng nó lạ lắm,neutral,negative,0.5098642226240749,False,no_issue,negative_loi_hong,neutral_but_has_clear_negative_signal
2088,"Chất liệu: thun mát Đúng với mô tả: đúng Màu sắc: xám tiêu Áo ôm đẹp, mặc mát ko khó chịu co giãn tốt",chất liệu thun mát đúng với mô tả đúng màu sắc xám tiêu áo ôm đẹp mặc mát khong khó chịu co giãn tốt,positive,positive,0.510372350568997,True,no_issue,negative_loi_hong,
2925,Kính cường lực giao nhanh đóng gói kỹ nhưng khi làm rớt 1 lần thì bể nát 0:06,kính cường lực giao nhanh đóng gói kỹ nhưng khi làm rớt 1 lần thì bể nát 0 06,negative,negative,0.5114848594184447,True,product_quality,,
3661,"Mùi hương: khá thơm dịu nha Dành cho da: da khô dầu nhạc cảm đều dùng đc thì phải Công dụng: hỗ trợ giảm thâm cấc phần như nách đầu gối khuỷu tay những vùng thâm sạm với các thành phần lành tính và tự nhiên như Niacinamide và chiết xuất dâu tằm để giúp làm sáng, làm mịn da và ngăn mùi. chưa sử dụng nhưng thấy akelo nha nhỏ xinh lắm mn mình tg cx phải to lắm mà hàng về nhỏ nhỏ dễ thương 0:06",mùi hương khá thơm dịu nha dành cho da da khô dầu nhạc cảm đều dùng duoc thì phải công dụng hỗ trợ giảm thâm cấc phần như nách đầu gối khuỷu tay những vùng thâm sạm với các thành phần lành tính và tự nhiên như niacinamide và chiết xuất dâu tằm để giúp làm sáng làm mịn da và ngăn mùi chua sử dụng nhưng thấy akelo nha nhỏ xinh lắm moi nguoi mình tg cx phải to lắm mà hàng về nhỏ nhỏ dễ thương 0 06,neutral,neutral,0.5116549193060007,True,no_issue,negative_loi_hong,neutral_but_has_clear_negative_signal
3678,"Bao bì: . Mẹo: . Hiệu ứng làm đẹp: . Chắc là màu này không hợp da ngăm. Mình đánh lên trông không khác gì màu môi khử thâm mình vừa làm chục hôm. Nếu đánh đi học thì ok, nó ra màu tự nhiên như môi thật, còn đi chơi hay chụp ảnh thì trông nhạt nhòa lắm 0:05",bao bì mẹo hiệu ứng làm đẹp chắc là màu này khong hợp da ngăm mình đánh lên trông khong khác gì màu môi khử thâm mình vừa làm chục hôm nếu đánh đi học thì ok nó ra màu tự nhiên như môi thật còn đi chơi hay chụp ảnh thì trông nhạt nhòa lắm 0 05,negative,positive,0.5118667590059416,False,product_attribute,negative_loi_hong,
2100,"shop giao hàng nhanh, mình nhắn tin shop đổi size L shop ok rồi lại gửi size M, chỉ thừa nhiều ạ 0:04",shop giao hàng nhanh mình nhắn tin shop đổi size l shop ok rồi lại gửi size m chỉ thừa nhiều ạ 0 04,negative,neutral,0.5140556347045836,False,product_attribute,,
2024,"Đúng với mô tả: hơi đúng Màu sắc: đen với trắng Áo đẹp, nma mong hãng làm áo dãn hơn, mặc hơi chật xíu 2 a*****e",đúng với mô tả hơi đúng màu sắc đen với trắng áo đẹp nma mong hãng làm áo dãn hơn mặc hơi chật xíu 2 a e,neutral,neutral,0.5141581950254431,True,product_attribute,,
2038,Đúng với mô tả lúc nhận thấy ưng lắm sờ vải rất thích nhưng khi mặc thử thì thấy áo co giãn k tốt mặc vào thì ôm khít body nhưng mặc vào cởi ra hơi chật vật vì áo k co giãn á À nếu mặc áo lót màu thì có bị lộ nhe ảnh kia tui mặc áo màu be mà vẫn bị lộ áo lót lun mà,đúng với mô tả lúc nhận thấy ưng lắm sờ vải rất thích nhưng khi mặc thử thì thấy áo co giãn khong tốt mặc vào thì ôm khít body nhưng mặc vào cởi ra hơi chật vật vì áo khong co giãn á à nếu mặc áo lót màu thì có bị lộ nhe ảnh kia tui mặc áo màu be mà vẫn bị lộ áo lót lun mà,negative,negative,0.5151091870866079,True,product_attribute,negative_loi_hong,
4758,"Đã trải nghiệm nhiều lần bên sàn khác, nay mới mua bên này. Bánh siêu gạo thì ngon mềm dẻo dễ xé, nhưng bịch siêu mì thì bị gấp hết góc lại, bánh mỏng rất khó xé. Mình xé toàn bị rách dù đã rất nhẹ nhàng. Còn lại đều ok, ruốc hành phi thơm không bị dầu, muối béo thiên chua, bơ thơm béo. 0:04",đã trải nghiệm nhiều lần bên sàn khác nay mới mua bên này bánh siêu gạo thì ngon mềm dẻo dễ xé nhưng bịch siêu mì thì bị gấp hết góc lại bánh mỏng rất khó xé mình xé toàn bị rách dù đã rất nhẹ nhàng còn lại đều ok ruốc hành phi thơm khong bị dầu muối béo thiên chua bơ thơm béo 0 04,positive,negative,0.5167629265025113,False,product_quality,negative_loi_hong,
4380,Chất liệu: bạc Đúng với mô tả: đúng mô tả Hơi nhỏ đeo đc 1 tối rơi mất,chất liệu bạc đúng với mô tả đúng mô tả hơi nhỏ đeo duoc 1 tối rơi mất,negative,neutral,0.517308313986705,False,product_attribute,,
921,"Áo chật bé , kp bé bầu ngực mà bé ngắn dây cài , k cài được . Không ưng cho lăm 0:06",áo chật bé kp bé bầu ngực mà bé ngắn dây cài khong cài duoc khong ưng cho lăm 0 06,negative,negative,0.5176643580884346,True,product_attribute,negative_loi_hong,
5057,"Hương vị: Ổn Bao bì/Mẫu mã: Đẹp Topping, đóng gói thì khá ổn nhưng phần bánh tráng rất khó để tách nguyên vẹn, 1 set thế mà mình tách được 3 cái nguyên thôi. Ko phải mình gà đâu nhe, trước có mua shop khác rồi tách rất mượt.",hương vị ổn bao bì mẫu mã đẹp topping đóng gói thì khá ổn nhưng phần bánh tráng rất khó để tách nguyên vẹn 1 set thế mà mình tách duoc 3 cái nguyên thôi khong phải mình gà đâu nhe trước có mua shop khác rồi tách rất mượt,neutral,neutral,0.5178640849507314,True,product_quality,negative_loi_hong,neutral_but_has_clear_negative_signal
1265,"Móc có keo dán rất chắc chắn, móc đẹp k bị dính keo dư như của những shop khác. Dán lên tủ hay gạch đều dính rất chắc",móc có keo dán rất chắc chắn móc đẹp khong bị dính keo dư như của những shop khác dán lên tủ hay gạch đều dính rất chắc,positive,positive,0.5188124841473797,True,no_issue,negative_loi_hong,
1311,Móc này dán tương đối chắc và rẽ tiền hơn những loai móc bẹ nhựa giá cao hơn và dễ rớt hon nen mua dành nhiều sài dần 0:05,móc này dán tương đối chắc và rẽ tiền hơn những loai móc bẹ nhựa giá cao hơn và dễ rớt hon nen mua dành nhiều sài dần 0 05,positive,positive,0.5192472658657271,True,no_issue,positive_strong,
3538,Giao hàng nhanh chóng sản phẩm ổn nhanh hdhdbx xhsnanajdbsjkskd 0:04,giao hàng nhanh chóng san pham ổn nhanh hdhdbx xhsnanajdbsjkskd 0 04,positive,positive,0.5193825934016217,True,no_issue,,
4702,Màu sắc: boong tai sáng mà quá nhỏ. Ai bấm lỗ to là rớt liền. T mang được 1 ngayd rớt mat r,màu sắc boong tai sáng mà quá nhỏ ai bấm lỗ to là rớt liền t mang duoc 1 ngayd rớt mat r,negative,negative,0.5213893198825467,True,product_attribute,,
3483,"son màu đẹp ,nhưng rất dễ vỡ ,vừa mua về dùng dc 1 lần quơ tay rớt 1 cái đã vỡ rồi mng dùng cẩn thận nha🥹 0:04",son màu đẹp nhưng rất dễ vỡ vừa mua về dùng duoc 1 lần quơ tay rớt 1 cái đã vỡ rồi moi nguoi dùng cẩn thận nha 0 04,negative,negative,0.5215442743255565,True,product_quality,,
1000,Chất lượng sản phẩm: tuyệt vời Đúng với mô tả: ko đúng với hình ảnh bóng không đúng với hình ảnh,chất lượng san pham tuyệt vời đúng với mô tả khong đúng với hình ảnh bóng khong đúng với hình ảnh,negative,negative,0.5216746046737161,True,product_attribute,negative_loi_hong,
3116,Hàng dùng rồi mà lại đưa cho khách là sao vậy mấy má ??????????,hàng dùng rồi mà lại đưa cho khách là sao vậy mấy má,negative,neutral,0.5218576610559164,False,product_quality,,
5364,Độ tuổi sử dụng: 4 tuổi Bao bì/Mẫu mã: màu đỏ Chất lượng sản phẩm: khá tốt Hàng cũng tốt nhm có nhiều chỗ bị rỉ sét và bị méo mó nữa,độ tuổi sử dụng 4 tuổi bao bì mẫu mã màu đỏ chất lượng san pham khá tốt hàng cũng tốt nhm có nhiều chỗ bị rỉ sét và bị méo mó nữa,neutral,positive,0.5225821253211859,False,product_quality,,
312,"Giao nhanh, săn được với giá 18k nhưng mà nghe được thời gian đầu rất ok còn thời gian sau kết nối không vào, chỉ nghe được 1 bên rất chán 0:08",giao nhanh săn duoc với giá 18k nhưng mà nghe duoc thời gian đầu rất ok còn thời gian sau kết nối khong vào chỉ nghe duoc 1 bên rất chán 0 08,negative,neutral,0.523075909786629,False,product_quality,negative_loi_hong,
4751,"Hương vị: khá ổn, không bị mặn như mn nói Bao bì/Mẫu mã: đúng như hình bơ béo. tuy nhiên, giao hàng hơi lâu một chút 0:46",hương vị khá ổn khong bị mặn như moi nguoi nói bao bì mẫu mã đúng như hình bơ béo tuy nhiên giao hàng hơi lâu một chút 0 46,neutral,positive,0.5244908693035925,False,shipping_delivery,negative_loi_hong,neutral_but_has_clear_negative_signal
1895,"Vải áo ok với giá này thì hong đòi hòi gì thêm nma huhu shop giao nhầm áo cho mình,mà thôi hong sao hoan hỉ mong shop khắc phục để tránh nhầm lẫn ạ🤍 0:09",vải áo ok với giá này thì khong đòi hòi gì thêm nma huhu shop giao nhầm áo cho mình mà thôi khong sao hoan hỉ mong shop khắc phục để tránh nhầm lẫn ạ 0 09,negative,neutral,0.5248592789330598,False,wrong_missing_item,negative_loi_hong,
4399,"Đẹp, vừa đó, cũng chói sáng nhưng mà đeo xong cái nổi mụn tai nha, không sạch lắm",đẹp vừa đó cũng chói sáng nhưng mà đeo xong cái nổi mụn tai nha khong sạch lắm,negative,negative,0.525002984776136,True,product_quality,negative_loi_hong,
3515,"Độ bền màu: kém Công dụng: làm đẹp Shop đóng gói cẩn thận, son cầm nặng tay. Thấy các bạn khen quá trời mua về dùng thử. Đánh ra tay thấy màu cũng được đến lúc tô lên môi thì xấu thôi rồi. Chắc tại màu môi mình không hợp. Hoặc là make up thì khả năng sẽ ok hơn. Bị bóng, lau phát trôi luôn. Ai có nhu cầu mình pass lại nhé. Mình dùng không hợp.",độ bền màu kém công dụng làm đẹp shop đóng gói cẩn thận son cầm nặng tay thấy các bạn khen quá trời mua về dùng thử đánh ra tay thấy màu cũng duoc đến lúc tô lên môi thì xấu thôi rồi chắc tại màu môi mình khong hợp hoặc là make up thì khả năng sẽ ok hơn bị bóng lau phát trôi luôn ai có nhu cầu mình pass lại nhé mình dùng khong hợp,negative,negative,0.5267971425961571,True,product_attribute,negative_loi_hong,
653,Nhận được thẻ 32g thay vì 64g,nhận duoc thẻ 32g thay vì 64g,negative,negative,0.5282485304793305,True,wrong_missing_item,,
2415,Màu sắc: dép đẹp Đúng với mô tả: đúng với mô tả Chất liệu: tốt Anh ship thái độ nói chuyện với khách hàng quá cọc cằn thái độ với khách hàng đánh giá 1 sao,màu sắc dép đẹp đúng với mô tả đúng với mô tả chất liệu tốt anh ship thái độ nói chuyện với khách hàng quá cọc cằn thái độ với khách hàng đánh giá 1 sao,negative,positive,0.5286032679368031,False,shipping_delivery,negative_loi_hong,
3070,Chất lượng sản phẩm: vẫn dính bụi Đúng với mô tả: hộp bọc cẩn thận. Chu đáo Về dán màn hình bị mờ. Độ phân giải ko được sắc nét. Nhìn 1 lúc vào màn thấy mỏi mắt. Có chống nhìn trộm. Trải nghiệm k quá 30p phải bóc. Cân nhắc khi mua,chất lượng san pham vẫn dính bụi đúng với mô tả hộp bọc cẩn thận chu đáo về dán màn hình bị mờ độ phân giải khong duoc sắc nét nhìn 1 lúc vào màn thấy mỏi mắt có chống nhìn trộm trải nghiệm khong quá 30p phải bóc cân nhắc khi mua,negative,negative,0.528817663779644,True,product_quality,negative_loi_hong,
1351,Kg biết là date này là ngày sản xuất hay ngày hết hạn nữa. Mong shop trả lời giúp mình nhé. Tạm thời cho 4 sao khi nào nhận đc câu trả lời mình sẽ sửa đánh giá 0:08,kg biết là date này là ngày sản xuất hay ngày hết hạn nữa mong shop trả lời giúp mình nhé tạm thời cho 4 sao khi nào nhận duoc câu trả lời mình sẽ sửa đánh giá 0 08,negative,negative,0.5293606367428284,True,product_attribute,,
3549,"Bao bì: đẹp Mẹo: không Kinh nghiệm sử dụng: không 💜 CHỐNG NẮNG NÂNG TÔNG 10H – TONE UP UV SIÊU DỊU, SIÊU BỀN 🛒 Giá ưu đãi chỉ 156K 👉: http://bit.ly/3ISU0Iu 🎁 Mua 2 giảm thêm 10K – Tặng túi nơ pastel Sunplay 2025 (giao màu ngẫu nhiên) ✨ Combo Essence & Milk mới – chống nắng khoa học, bảo vệ suốt ngày dài: ✅ SPF50+ PA++++ – Chống nắng 10 giờ, chống trôi đến 80 phút trong nước & mồ hôi ✅ Tăng 14.3% độ ẩm sau 12h – Không lo khô da dưới nắng ✅ Hiệu chỉnh tông da tức thì, che nhẹ khuyết điểm ✅ Kết cấu nhẹ như sương – thấm nhanh, không bết rít 💡 Phù hợp cho da dầu, da hỗn hợp – kể cả da nhạy cảm 💎 Chính hãng từ Rohto – 25 năm bảo vệ làn da Việt ⏰ Deal cực xịn – MUA NGAY để da sáng khỏe, túi xinh về tay!",bao bì đẹp mẹo khong kinh nghiệm sử dụng khong chống nắng nâng tông 10h tone up uv siêu dịu siêu bền giá ưu đãi chỉ 156k mua 2 giảm thêm 10k tặng túi nơ pastel sunplay 2025 giao màu ngẫu nhiên combo essence milk mới chống nắng khoa học bảo vệ suốt ngày dài spf50 pa chống nắng 10 giờ chống trôi đến 80 phút trong nước mồ hôi tăng 14 3 độ ẩm sau 12h khong lo khô da dưới nắng hiệu chỉnh tông da tức thì che nhẹ khuyết điểm kết cấu nhẹ như sương thấm nhanh khong bết rít phù hợp cho da dầu da hỗn hợp kể cả da nhạy cảm chính hãng từ rohto 25 năm bảo vệ làn da việt deal cực xịn mua ngay để da sáng khỏe túi xinh về tay,neutral,positive,0.5325997065594424,False,spam_irrelevant,negative_loi_hong,neutral_but_has_clear_negative_signal
3545,"Màu số 10 này về tô nhạt nhợt sau ý, sao xem video người ta tô đẹp thế nhở 🫣 0:07",màu số 10 này về tô nhạt nhợt sau ý sao xem video người ta tô đẹp thế nhở 0 07,neutral,neutral,0.5327469684685386,True,product_attribute,,
774,Chất lượng sản phẩm: tuot pin nhanh,chất lượng san pham tuot pin nhanh,negative,neutral,0.532754921517171,False,product_quality,,
3995,"Mùi hương: dc Công dụng: dc Dành cho da: dc Mùi thì mình thấy thơm, mới dùng được vài tuần chưa thấy kết quả gì hết. Dùng cái này mồ hôi néch ra nhiều hơn á =)))) trc mắt chỉ thấy mùi thơm dễ chịu. Còn lại đỡ thâm hay gì thì ch có hiệu quả",mùi hương duoc công dụng duoc dành cho da duoc mùi thì mình thấy thơm mới dùng duoc vài tuần chua thấy kết quả gì hết dùng cái này mồ hôi néch ra nhiều hơn á trc mắt chỉ thấy mùi thơm dễ chịu còn lại đỡ thâm hay gì thì ch có hiệu quả,negative,negative,0.5338502187941166,True,product_quality,negative_loi_hong,
3541,"Hộp có dấu hiệu bị khui với ko coa tem niêm phong, trên son cũng vậy nên thấy hơi sợ nha dù mình đặt shop cũng mấy lần r 0:05",hộp có dấu hiệu bị khui với khong coa tem niêm phong trên son cũng vậy nên thấy hơi sợ nha dù mình đặt shop cũng mấy lần r 0 05,neutral,negative,0.5351015260017319,False,product_quality,negative_loi_hong,neutral_but_has_clear_negative_signal
5439,Đặt màu đỏ nhưng shop lại giao màu xanh. Con thì cứ đòi đúng màu đỏ mới chịu. Nhưng vì hàng cồng kềnh nên cũng ko muốn hoàn hàng. 0:05,đặt màu đỏ nhưng shop lại giao màu xanh con thì cứ đòi đúng màu đỏ mới chịu nhưng vì hàng cồng kềnh nên cũng khong muốn hoàn hàng 0 05,neutral,negative,0.5359124243819735,False,wrong_missing_item,negative_loi_hong,neutral_but_has_clear_negative_signal;wrong_missing_item_not_negative
1246,"Đã nhận được hàng,shop giao đúng và đủ, hàng mới nữa, không như mấy shop khác hàng cũ, cảm ơn shop, nhân viên giao hàng vui vẻ nhiệt tình",đã nhận duoc hàng shop giao đúng và đủ hàng mới nữa khong như mấy shop khác hàng cũ cảm ơn shop nhân viên giao hàng vui vẻ nhiệt tình,positive,negative,0.5363915634538359,False,no_issue,negative_loi_hong,
285,"Đã mua lần 2 tại shop, mọi việc diễn biến khá suôn sẻ, shop đóng hàng, niêm phong rất có tâm",đã mua lần 2 tại shop mọi việc diễn biến khá suôn sẻ shop đóng hàng niêm phong rất có tâm,positive,positive,0.5366230285398931,True,no_issue,negative_loi_hong,
1685,Đúng với mô tả: tạm Chất lượng sản phẩm: tệ Ibyxrxtvubk8ubyctx527555ydrt hgyxxtyvubhnkbctv,đúng với mô tả tạm chất lượng san pham tệ ibyxrxtvubk8ubyctx527555ydrt hgyxxtyvubhnkbctv,negative,negative,0.5375925382127542,True,product_quality,,
4846,Muối tép hành phi bị cay quá huhu Bơ ngon Jevwohfienbowbejed 0:09,muối tép hành phi bị cay quá huhu bơ ngon jevwohfienbowbejed 0 09,neutral,negative,0.5389045275763712,False,product_quality,negative_loi_hong,neutral_but_has_clear_negative_signal
3734,"Màu hồng tươi, lên môi ko như trên mẫu, hình ảnh mang tính chất nhận xu",màu hồng tươi lên môi khong như trên mẫu hình ảnh mang tính chất nhận xu,negative,negative,0.5393047458206195,True,product_attribute,negative_loi_hong,
5307,Độ tuổi sử dụng: 3t Bao bì/Mẫu mã: ok Chất lượng sản phẩm: ok Mình tạm chia tay nhau nhé em để ai biết được ai yêu nhiều hơn 0:06,độ tuổi sử dụng 3t bao bì mẫu mã ok chất lượng san pham ok mình tạm chia tay nhau nhé em để ai biết duoc ai yêu nhiều hơn 0 06,neutral,neutral,0.5398819119675659,True,no_issue,,
1167,Chất lượng sản phẩm: giao thieu món này.. .báo cao shop pppe hoàn phièn phức tào lợcao.mà chưa chắc đuoc nhân lại tiền .,chất lượng san pham giao thieu món này báo cao shop pppe hoàn phièn phức tào lợcao mà chua chắc đuoc nhân lại tiền,negative,negative,0.540180777352609,True,wrong_missing_item,negative_thieu_hang;negative_loi_hong,
4520,Bông giữ lỗ shop giao đủ số lương Bông rất nhỏ . Đeo bữa giờ no đen hêt ngâm và chà chanh hay kem danh rang gi cũng hok ra 0:10,bông giữ lỗ shop giao đủ số lương bông rất nhỏ đeo bữa giờ no đen hêt ngâm và chà chanh hay kem danh rang gi cũng khong ra 0 10,negative,negative,0.5404533938440851,True,product_quality,negative_loi_hong,
2176,Chất liệu: thun Đúng với mô tả: đúng Màu sắc: đen Mua 6c trong nhưng mà 5c đều sút chỉ nên cũng không hiểu cho xui hay do đồ của shop bị vậy,chất liệu thun đúng với mô tả đúng màu sắc đen mua 6c trong nhưng mà 5c đều sút chỉ nên cũng khong hiểu cho xui hay do đồ của shop bị vậy,negative,negative,0.5405905071933214,True,product_quality,negative_loi_hong,
5004,"Ăn cũng được thoi nhưng mà ngán quá, với lại bánh tráng dai nữa, ăn được mấy cuốn là ngấy ròi, cay nữa trơi ơiui cay quá ko ăn đượt",ăn cũng duoc thoi nhưng mà ngán quá với lại bánh tráng dai nữa ăn duoc mấy cuốn là ngấy ròi cay nữa trơi ơiui cay quá khong ăn đượt,negative,neutral,0.5409913676934377,False,product_quality,negative_loi_hong,
5050,Hương vị: k ngon như lần đầu mình ăn hình ảnh và video mang tính lấy xu thôi bánh tráng đợt này rất dở vừa khô cứng k có độ dai tuy mìn đã mua của bên shop nhiug lần rồi chỉ có bơ và muối thì vẫn ok thôi,hương vị khong ngon như lần đầu mình ăn hình ảnh và video mang tính lấy xu thôi bánh tráng đợt này rất dở vừa khô cứng khong có độ dai tuy mìn đã mua của bên shop nhiug lần rồi chỉ có bơ và muối thì vẫn ok thôi,negative,negative,0.5425805230213737,True,product_quality,negative_loi_hong,
5149,Hương vị: k ngon như lần đầu mình ăn hình ảnh và video mang tính lấy xu thôi bánh tráng đợt này rất dở vừa khô cứng k có độ dai tuy mìn đã mua của bên shop nhiug lần rồi chỉ có bơ và muối thì vẫn ok thôi,hương vị khong ngon như lần đầu mình ăn hình ảnh và video mang tính lấy xu thôi bánh tráng đợt này rất dở vừa khô cứng khong có độ dai tuy mìn đã mua của bên shop nhiug lần rồi chỉ có bơ và muối thì vẫn ok thôi,negative,negative,0.5425805230213737,True,product_quality,negative_loi_hong,
3564,"Công dụng: giảm thăm Dành cho da: all Mùi hương: thơm nha Giao nhanh,sale đc giá rẻ,nhận hàng test thấy ok,mùi rất thơm,còn có giảm thâm chưa thì chx bt, họp nhỏ xinh 0:31 12 n*****t",công dụng giảm thăm dành cho da all mùi hương thơm nha giao nhanh sale duoc giá rẻ nhận hàng test thấy ok mùi rất thơm còn có giảm thâm chua thì chua binh thuong họp nhỏ xinh 0 31 12 n t,positive,neutral,0.5428439277327799,False,no_issue,neutral_tam_binh_thuong;negative_loi_hong,positive_but_has_neutral_or_mixed_signal
4106,Công dụng: làm sáng mờ thâm Mùi hương: .. Dành cho da: mọi loại da Sử dụng gần 1 tháng thấy vẫn như cũ à huhu,công dụng làm sáng mờ thâm mùi hương dành cho da mọi loại da sử dụng gần 1 tháng thấy vẫn như cũ à huhu,neutral,neutral,0.5431508203313747,True,product_quality,negative_loi_hong,neutral_but_has_clear_negative_signal
3569,Làm đẹp: giảm thâm Hương thơm: rất thơm sau khi sài 1 tuần thì mình thấy chỗ thâm có giảm bớt nhưng phải kiên trì lâu thì mới có hiệu quả rõ ràng. Mùi thơm kh bị nồng kh bị kích ứng 0:05 5 ilinh.279,làm đẹp giảm thâm hương thơm rất thơm sau khi sài 1 tuần thì mình thấy chỗ thâm có giảm bớt nhưng phải kiên trì lâu thì mới có hiệu quả rõ ràng mùi thơm khong bị nồng khong bị kích ứng 0 05 5 ilinh 279,positive,positive,0.5437575269721906,True,no_issue,negative_loi_hong,
408,Tính năng nổi bật: cha thay Chất lượng sản phẩm: on Tai nghe thiết kế chưa hoàn thiện bản lề ch khớp với có tiếng kêu Điểm trừ kh có tăng giảm âm lượng và tai nghe cảm ứng quá nhạy nên dùng bất tiện Âm nghe ổn,tính năng nổi bật cha thay chất lượng san pham on tai nghe thiết kế chua hoàn thiện bản lề ch khớp với có tiếng kêu điểm trừ khong có tăng giảm âm lượng và tai nghe cảm ứng quá nhạy nên dùng bất tiện âm nghe ổn,negative,negative,0.544063863664641,True,product_quality,negative_loi_hong,
4318,"Giao hàng 2 tuần mới tới, tưởng bên Mỹ gửi về",giao hàng 2 tuần mới tới tưởng bên mỹ gửi về,negative,negative,0.5443633132475444,True,shipping_delivery,,
370,vì mua giá sale khá rẻ nên không đc tốt lắm sạc 3 tiếng mà vẫn k nghe đc bao nhiêu tiền nào của đó ạ !!! lúc mua mắc hơn mà sài ok hơn cái này 0:05,vì mua giá sale khá rẻ nên khong duoc tốt lắm sạc 3 tiếng mà vẫn khong nghe duoc bao nhiêu tiền nào của đó ạ lúc mua mắc hơn mà sài ok hơn cái này 0 05,negative,negative,0.5444551941484396,True,product_quality,negative_loi_hong,
3760,Giao hàng đúng mẫu nhưng mà là giao son đã bị mở ra và dùng rồi,giao hàng đúng mẫu nhưng mà là giao son đã bị mở ra và dùng rồi,negative,negative,0.5449599823169339,True,product_quality,,
4342,"Đẹp nhưng hình như giao lộn thfi phải, với lại bông 2mm nhỏ quá thích hợp vs xỏ mũi hơn 0:07",đẹp nhưng hình như giao lộn thfi phải với lại bông 2mm nhỏ quá thích hợp vs xỏ mũi hơn 0 07,neutral,neutral,0.545023679102152,True,wrong_missing_item,,wrong_missing_item_not_negative
5154,"Bao bì/Mẫu mã: 1 vài sản phẩm thiếu nhãn mắc Hương vị: 8/10 Hàng đóng gói khá chuẩn chỉ, nếu có thêm lớp màng ngăn ở nắp thì sẽ hoàn hảo hơn Sản phẩm chưa có ghi ngày sản xuất, nên không thể đánh giá được tình trạng của sản phẩm còn có thể sử dụng được hay không.",bao bì mẫu mã 1 vài san pham thiếu nhãn mắc hương vị 8 10 hàng đóng gói khá chuẩn chỉ nếu có thêm lớp màng ngăn ở nắp thì sẽ hoàn hảo hơn san pham chua có ghi ngày sản xuất nên khong thể đánh giá duoc tình trạng của san pham còn có thể sử dụng duoc hay khong,negative,negative,0.5452196730458453,True,packaging,negative_loi_hong,
1937,Đúng với mô tả: đúng nha Chất lượng sản phẩm: vải nó không giống mình tưởng tượng lắm nma cũng oke xinh nha,đúng với mô tả đúng nha chất lượng san pham vải nó khong giống mình tưởng tượng lắm nma cũng oke xinh nha,neutral,positive,0.5457332972544007,False,product_attribute,negative_loi_hong,neutral_but_has_clear_negative_signal
2936,Dễ dán. Nhiều quà tặng nhưng k chống nhìn trộm đc như trong clip. Điểm trung bình,dễ dán nhiều quà tặng nhưng khong chống nhìn trộm duoc như trong clip điểm trung bình,neutral,negative,0.5468153948743735,False,product_quality,negative_loi_hong,neutral_but_has_clear_negative_signal
4300,"Thuốc Clorpheniramin 4 được sản xuất bởi Công ty Cổ phần Dược Hậu Giang, với thành phần chính Chlorpheniramine maleate, là thuốc dùng để điều trị viêm mũi dị ứng, chảy nước mũi, nghẹt mũi, sổ mũi.",thuốc clorpheniramin 4 duoc sản xuất bởi công ty cổ phần dược hậu giang với thành phần chính chlorpheniramine maleate là thuốc dùng để điều trị viêm mũi dị ứng chảy nước mũi nghẹt mũi sổ mũi,neutral,neutral,0.5472008818946863,True,spam_irrelevant,negative_loi_hong,neutral_but_has_clear_negative_signal
5068,"Mềm dẻo: Bình thường Giòn: Tạm Mình ăn thì không sao nhưng em mình ăn thì nôn hết, nôn sạch. 😰😰",mềm dẻo binh thuong giòn tạm mình ăn thì khong sao nhưng em mình ăn thì nôn hết nôn sạch,negative,neutral,0.5473866193280295,False,product_quality,neutral_tam_binh_thuong;negative_loi_hong,negative_may_be_mild_or_neutral
1410,Đúng với mô tả: thảm đẹp hơi nhỏ Chất lượng sản phẩm: lau thấm hút tốt Giá khá hợp lý nhưng thảm hơi nhỏ 0:05,đúng với mô tả thảm đẹp hơi nhỏ chất lượng san pham lau thấm hút tốt giá khá hợp lý nhưng thảm hơi nhỏ 0 05,neutral,neutral,0.5478421077692518,True,product_attribute,,
783,"Đúng với mô tả: shop giao nhầm màu, quạt hơi ồn 1 irvibpv02t",đúng với mô tả shop giao nhầm màu quạt hơi ồn 1 irvibpv02t,negative,neutral,0.5479255319444896,False,product_attribute,,
1539,Mùi hương: không mùi Công dụng: Masan Cũng được moi dùng thử cũng thấy nó ok nhưng mua về cắm sạc không thay vào pin hơi thất vọng 🤦,mùi hương khong mùi công dụng masan cũng duoc moi dùng thử cũng thấy nó ok nhưng mua về cắm sạc khong thay vào pin hơi thất vọng,negative,negative,0.5479860706148854,True,product_quality,negative_loi_hong,
2219,Màu sắc: áo mỏng dễ lộ ở trong,màu sắc áo mỏng dễ lộ ở trong,neutral,neutral,0.5487147580771159,True,product_quality,,
2547,Sản phẩm: Poor quality,san pham poor quality,negative,negative,0.548727862101993,True,product_quality,,
919,私は商品がないですから進めばです。すみませんビデオを写真した。ですか、ショップを聞かれ馬です。本当に邪念だ 0:09,0 09,neutral,neutral,0.548943955131318,True,spam_irrelevant,,
4847,"Bánh tráng và topping rất ngon nhé, nhưng mà mình mua đơn gần 500k, ship hỏa tốc, cái để một bịch toàn bộ bánh tráng, một bịch thì toàn bộ topping, phải tự phân chia không biết cái nào ra cái nào, phần này thì thật sự quá tùy tiện, không có tâm lắm. Vì những phần đặt đều đem tặng nhiều bạn, nên phải ngồi tự phân ra không biết đúng hay không, không bằng nếu đặt 1 phần thì khéo lại chuẩn bị chỉn chu hơn, nên là giảm 1sao còn 4 vì việc này.",bánh tráng và topping rất ngon nhé nhưng mà mình mua đơn gần 500k ship hỏa tốc cái để một bịch toàn bộ bánh tráng một bịch thì toàn bộ topping phải tự phân chia khong biết cái nào ra cái nào phần này thì thật sự quá tùy tiện khong có tâm lắm vì những phần đặt đều đem tặng nhiều bạn nên phải ngồi tự phân ra khong biết đúng hay khong khong bằng nếu đặt 1 phần thì khéo lại chuẩn bị chỉn chu hơn nên là giảm 1sao còn 4 vì việc này,negative,negative,0.5489927051135056,True,packaging,negative_loi_hong,
2045,Áo chất vải mềm không có gì mong đợi hơn với giá bỏ ra size chuẩn 0:14,áo chất vải mềm khong có gì mong đợi hơn với giá bỏ ra size chuẩn 0 14,positive,positive,0.5510859400207894,True,no_issue,negative_loi_hong,
358,"Giao đúng màu, nhỏ gọn. Cái màu đen thì ok nhưng cái màu trắng thì phần nắp rất ộp ẹc cầm k chắc tay bằng cái màu đen. Cả 2 đều nghe được 2 bên tai nghe được, và kết nối đc vs PC",giao đúng màu nhỏ gọn cái màu đen thì ok nhưng cái màu trắng thì phần nắp rất ộp ẹc cầm khong chắc tay bằng cái màu đen cả 2 đều nghe duoc 2 bên tai nghe duoc và kết nối duoc vs pc,neutral,negative,0.5516580061955638,False,product_quality,negative_loi_hong,neutral_but_has_clear_negative_signal
3380,"Bao bì: romand Shop rep tin nhắn nhiệt tình, giao hàng nhanh, son đẹp màu 24 đánh lên da trắng tôn da , ko bị bóng quá còn lâu trôi hay ko thì mik ko bt, tóm lạii lên mua mn nhé 0:26",bao bì romand shop rep tin nhắn nhiệt tình giao hàng nhanh son đẹp màu 24 đánh lên da trắng tôn da khong bị bóng quá còn lâu trôi hay khong thì mik khong binh thuong tóm lạii lên mua moi nguoi nhé 0 26,positive,positive,0.5519933795736792,True,no_issue,neutral_tam_binh_thuong;negative_loi_hong,positive_but_has_neutral_or_mixed_signal
558,"Rất hài lòng, hình ảnh nét nhưng vì không thẻ nhớ nên sẽ phải mua gói lưu trữ đám mây. Lắp 1 cái ngoài trời đc 1 ngày, trời mưa thi thấy tịt, chưa kiểm tra lại nên tạm cho 4*",rất hài lòng hình ảnh nét nhưng vì khong thẻ nhớ nên sẽ phải mua gói lưu trữ đám mây lắp 1 cái ngoài trời duoc 1 ngày trời mưa thi thấy tịt chua kiểm tra lại nên tạm cho 4,negative,negative,0.5522676507913019,True,product_quality,negative_loi_hong,
3961,Nhận hàng shipper thân thiện nhiệt tìnhh hàng bao bọc kĩ càng mở ra mùi thơm oki ạ nên mua nhe 0:12,nhận hàng shipper thân thiện nhiệt tìnhh hàng bao bọc kĩ càng mở ra mùi thơm oki ạ nên mua nhe 0 12,positive,positive,0.5525020698938709,True,no_issue,,
3048,"Chất lượng sản phẩm: tot Đúng với mô tả: đúng Mua lan 2 mà miêng oppo mo vân tay k dc ,mieng dan iphoen cu đơ đơ ra 0:11",chất lượng san pham tot đúng với mô tả đúng mua lan 2 mà miêng oppo mo vân tay khong duoc mieng dan iphoen cu đơ đơ ra 0 11,negative,positive,0.5548570680924794,False,product_quality,negative_loi_hong,
2215,Quá nhiều sự đáng yêu cho số phát sóng You Quiz On The Block ngày 30/10 tới đây cùng với G-Dragon ❤️,quá nhiều sự đáng yêu cho số phát sóng you quiz on the block ngày 30 10 tới đây cùng với g dragon,neutral,neutral,0.5554388908114385,True,spam_irrelevant,,
1809,Áo quá đẹp luôn má ơi. Quá ưng luôn giá thì rẽ vải thì đẹp. Cái áo này đánh bại câu tiền nào của nấy luôn nha 0:05,áo quá đẹp luôn má ơi quá ưng luôn giá thì rẽ vải thì đẹp cái áo này đánh bại câu tiền nào của nấy luôn nha 0 05,positive,positive,0.5560636784898069,True,no_issue,,
4379,Chất liệu: Tốt Màu sắc: trắng Đúng với mô tả: đúng mẫu,chất liệu tốt màu sắc trắng đúng với mô tả đúng mẫu,positive,positive,0.556369938837839,True,no_issue,,
1806,"Chất lượng sản phẩm: okela Mình m62 49kg, mặc size L như hình là vừa nè, còn size XL thì gout mặc rộng ok nha, chất vải thì xám mỏng hơn navi nè",chất lượng san pham okela mình m62 49kg mặc size l như hình là vừa nè còn size xl thì gout mặc rộng ok nha chất vải thì xám mỏng hơn navi nè,positive,neutral,0.5579729415598519,False,no_issue,,
2770,"dễ dán nha mn, có khung cho mình căn nên k sợ lệch, lúc dán có xuất hiện nhiều bọt khí nhưng dễ xử lí cực. đây là lần đầu mình tự dán cường lực và mình thấy rất hài lòng với sp vì mới sd nên cũng ch biết độ bền của kính như nào, hi vọng là sẽ ổn",dễ dán nha moi nguoi có khung cho mình căn nên khong sợ lệch lúc dán có xuất hiện nhiều bọt khí nhưng dễ xử lí cực đây là lần đầu mình tự dán cường lực và mình thấy rất hài lòng với san pham vì mới sd nên cũng ch biết độ bền của kính như nào hi vọng là sẽ ổn,positive,neutral,0.5587685740379205,False,no_issue,negative_loi_hong,
3526,"Bình thường romand hay có nhãn để dán lên son đánh dấu ngày, ko biết sao lần này không có, cuốn chống sốc hơi lỏng lẻo, không chặt, mang chống sốc ra là son tuột ra luôn🥲 0:27",binh thuong romand hay có nhãn để dán lên son đánh dấu ngày khong biết sao lần này khong có cuốn chống sốc hơi lỏng lẻo khong chặt mang chống sốc ra là son tuột ra luôn 0 27,negative,negative,0.5592100314233971,True,packaging,neutral_tam_binh_thuong;negative_loi_hong,negative_may_be_mild_or_neutral
5017,Bao bì/Mẫu mã: ok thay đổi rồi không còn ngon như trước,bao bì mẫu mã ok thay đổi rồi khong còn ngon như trước,negative,negative,0.5594812831777403,True,product_quality,negative_loi_hong,
3979,chất kem mịn khi bôi thì mát chứ k bị rát mk mới dùng nên chx thấy sáng lắm 0:38,chất kem mịn khi bôi thì mát chứ khong bị rát mk mới dùng nên chua thấy sáng lắm 0 38,positive,negative,0.5597079106046479,False,no_issue,negative_loi_hong,
1979,áo đẹp như trong hình,áo đẹp như trong hình,positive,positive,0.5599761850446566,True,no_issue,,
382,Tuy hàng nguyên seal nhưng mình vừa khui ra thấy bị trầy mé cạnh cắm sạc - nắp có nam châm hít nhưng hơi lỏng.. ko chỉnh âm lượng trực tiếp trên tai nghe đc.. test nhạc ok nhưng thỉnh thoảng bị rè loa còn độ bền chưa biết 0:14,tuy hàng nguyên seal nhưng mình vừa khui ra thấy bị trầy mé cạnh cắm sạc nắp có nam châm hít nhưng hơi lỏng khong chỉnh âm lượng trực tiếp trên tai nghe duoc test nhạc ok nhưng thỉnh thoảng bị rè loa còn độ bền chua biết 0 14,neutral,neutral,0.560416746691782,True,product_quality,negative_loi_hong,neutral_but_has_clear_negative_signal
1967,Đúng với mô tả: đúng Chất lượng sản phẩm: ok Ủa alo shop ơi mắc gì lấy đơn người ta bom rồi giao lại cho khách ???,đúng với mô tả đúng chất lượng san pham ok ủa alo shop ơi mắc gì lấy đơn người ta bom rồi giao lại cho khách,neutral,positive,0.5607798028772771,False,seller_service,,
2343,Đặt màu nâu giao màu ghi tây,đặt màu nâu giao màu ghi tây,negative,negative,0.5613078795549518,True,product_attribute,,
6,"Đúng với mô tả: đúng với mô tả Màu sắc: đen, tím than Chất liệu: nilong Giao hàng nhanh, shipped nhiệt tình, hàng như mô tả, ko có chỉ thừa, quần nhẹ, chắc mặc mùa hè sẽ nóng nhưng vẫn cho shop 5⭐️ 0:19 9 8xbm85ibs2",đúng với mô tả đúng với mô tả màu sắc đen tím than chất liệu nilong giao hàng nhanh shipped nhiệt tình hàng như mô tả khong có chỉ thừa quần nhẹ chắc mặc mùa hè sẽ nóng nhưng vẫn cho shop 5 0 19 9 8xbm85ibs2,neutral,positive,0.562182162720883,False,no_issue,negative_loi_hong,neutral_but_has_clear_negative_signal
3926,Công dụng: lm sang da Mùi hương: thom Dành cho da: moi loại da Hàng có giao hơi lâu một chút . Shop đóng gói được ak. Lọ nhỏ nhưng có võ . Săn sale được giá hời lắm. Dùng thì chx biết như nào nh trước mắt đã ưng mùi thơm lắm nha thẩm thấu nhanh không bết dính đâu . Dùng thời gian xem như nào rồi mua tiếp nha . 0:13,công dụng lm sang da mùi hương thom dành cho da moi loại da hàng có giao hơi lâu một chút shop đóng gói duoc ak lọ nhỏ nhưng có võ săn sale duoc giá hời lắm dùng thì chua biết như nào nh trước mắt đã ưng mùi thơm lắm nha thẩm thấu nhanh khong bết dính đâu dùng thời gian xem như nào rồi mua tiếp nha 0 13,neutral,neutral,0.562275343005146,True,no_issue,negative_loi_hong,neutral_but_has_clear_negative_signal
1055,Đúng với mô tả: ok Chất lượng sản phẩm: ok Nhưng nó bị r một lỗ ko b có đá được ko mà ko có ống bôm làm sao bôm 😒,đúng với mô tả ok chất lượng san pham ok nhưng nó bị r một lỗ khong b có đá duoc khong mà khong có ống bôm làm sao bôm,neutral,neutral,0.5624837301444559,True,product_quality,negative_loi_hong,neutral_but_has_clear_negative_signal
3436,Bao bì: đẹp và chắc chắn Làm đẹp: tô vào mỏ Hiệu ứng làm đẹp: làm mỏ có sức sống thật sự là mình rất thất vọng vì mình đã lựa chọn huỷ hàng để thay đổi địa chỉ lấy để mình chuyển qua địa điểm khác nhận nhưng shop đã lựa chọn không đồng ý để mình buộc phải lấy ở địa chỉ cũ ( đáng lẽ mình đã bom hàng ) nhưng cũng đành phải lấy hàng 1 phần shipper đi khá khổ cực 0:06,bao bì đẹp và chắc chắn làm đẹp tô vào mỏ hiệu ứng làm đẹp làm mỏ có sức sống thật sự là mình rất thất vọng vì mình đã lựa chọn huỷ hàng để thay đổi địa chỉ lấy để mình chuyển qua địa điểm khác nhận nhưng shop đã lựa chọn khong đồng ý để mình buộc phải lấy ở địa chỉ cũ đáng lẽ mình đã bom hàng nhưng cũng đành phải lấy hàng 1 phần shipper đi khá khổ cực 0 06,negative,negative,0.5630099610769022,True,seller_service,negative_loi_hong,
4781,"Bánh tráng ngon nha. Bánh tráng mềm, dẻo, dai, dễ tách. Bơ thơm, béo, được đựng chai dùng tiện, có nắp xoay để bảo quản bơ nữa, vệ sinh. Hành phi ruốc thì vị cay không rõ, hơi mặn chút. Mn nên ăn thử nhé. 0:08",bánh tráng ngon nha bánh tráng mềm dẻo dai dễ tách bơ thơm béo duoc đựng chai dùng tiện có nắp xoay để bảo quản bơ nữa vệ sinh hành phi ruốc thì vị cay khong rõ hơi mặn chút moi nguoi nên ăn thử nhé 0 08,positive,positive,0.5630839864841256,True,no_issue,negative_loi_hong,
